Route,Start Station,End Station,Polyline,Start Duration,End Duration,Mon - Start,Tue - Start,Wed - Start,Thur - Start,Fri - Start,Sat - Start,Sun - Start,Mon - End,Tue - End,Wed - End,Thur - End,Fri - End,Sat - End,Sun - End
Adirondack,"New York - Penn Station, NY","Montreal, QC",q`vwFj`sbM}Wzs@y^ee@oyAoj@scHs`EaxBihAo}@{L}aH{nD{aGuaByfFslA_dL}cBifEmk@krBvZcyBwGqtCkLimE|d@ywCtjAwbA`m@u~@dsBcvA`hBcw@sLgz@wIaiAnp@}|Adj@{q@iU{a@_[aq@rlB}qBfoDcj@pW_gAkz@m{AqnAk`Du`@goB{o@kj@~AqxAb_AypCrgBu{BjnAs_DiMeiEjS{yAeVaeCkz@chC}`CcoBiVyfD{EubKaj@q_EkJkdH_CokAjx@eaA|C{zEc[i}BuQmbBw|@i~BwJi~D|`Ds~BeM}rAuo@s`B~FeaDcq@yhEyz@chLud@swEqo@e~CulBejDsdBwnCehDgdCyf@gxDc|BqoAe}Ci]yVmcGgkDaqCx]msCpB}cCd}@}`EiVqhEuy@i|GwCiqFcq@aoD{kAcpFgRq_D~Fk}Ci_@u|A{Vct@xXg}AnaAkxAbdEam@bfEaqBv}CyjKtrMqzBp|Eer@bIek@y^co@ay@qj@_y@ih@{`@ck@nOs|AinBi~Aku@exCgtAe`FmeC{oLmlDocD_Uk_CeqBu}CuOsbBs`@ssB{pC}sAg{FcqAuiEo}GwcF}|JczMukDg{Aw`EkrE{tGy`Hg`Dm_B}qB_F}~C}UkiAcS}Smh@myAgsC_xDgrBi_IwnCu{Ecp@qrAhQimA|dCgy@rR{jCsg@ei@cJsu@lm@gz@~Qq}@ye@_pAkdA_cE}hAuo@gp@{sAyl@kp@kdAgbAoT_zBcf@m{CyUyjCv`BsiAx`Bcc@xb@_yAwG{m@]c_A}dA_{A`c@wrCgRgkAvx@w`@`hBc`DuD{aBpCciAgWmrBbo@ie@pIumA|xC}c@fu@uo@eQamAbVilBnYe{BubAkgC_[qpAw@sa@dEif@__Amu@jJwQ`m@_n@dOcjBlBcdAb@ykCzq@_vAcu@odEqHgrAaw@ofAefAkoBsdDgzCmfAgjGze@udHpbBqeDzk@y_Dgz@{vBo~@ubDfpBk^t]a_@sRim@kiAc{@}{Asv@aZkh@~Re{@joBqxAtuAisAn~Amz@tcAodAgSohBwMmiEbeAcuDso@ueD{HuoAp@mb@hl@ikEjoA{hC~NsyA`@yjBjmAwyDxhCgu@xZaaAkPysBktBwdBypAwfAsxBurAopBk_CkhCgrCiy@giHsmDgcAsBqlRysFukd@k`N{l@{Uia@fOyqAz`E}oIloUsbLhsIswBinAq_Bk_Cmm@oj@u|CntGxTv~E~`BbgHvEh_Aew@~Cab@~z@,656,630,[8:15],[8:15],[8:15],[8:15],[8:15],[8:15],[8:15],[10:20],[10:20],[10:20],[10:20],[10:20],[10:20],[10:20]
Cascades,"Portland, OR","Eugene, OR",oi{tG`iwkVy@aB`DaEZe@t@kBvDgTB{A}FqQ@iCn@{BtCeEpCwBvPOt|@JtNCvEoArBkA`GmHrPm^nTse@fGuK~HuGxHaGtOgJbRgFxm@cJvnCo`@hdAkOlImDfHuGhCcEdGqNzz@oyBrSaz@fU}aAzN}hAjCeM`BwDpE{FdM_HxUwKrYuL|LuBfK[hJd@xs@pIvKxEtEzEhHhLbEnG`GbFbJjC|Pf@nH|@|ElB~[|UdXdSlFhEjGnH|OhZd`@vg@n^na@xPfZlFpLpD~EjMnPfL`PnNjQrC`Hz@jHhAdNzApHjExL|f@vqAdPrd@zIbPlSpVbHtGhV~QhGhCnIxAvOfApO@vI`AbTzF~f@xM~IdAfI_AlIaCpJaHlKcLtJgGxEoBdZhDhETvExBpKjOdGtEvEnBnDjA`KzHpN`M`f@lb@~NpO~HrMlFdM|EzPnTp{@`e@|hBjM~d@hOvZfm@lgAhSr`@pGfXpBhQ~HfW`BpExJ|XbDfEjHrKzFrFxOjExFfD|RbRrM`Kxc@tTxErCrHjDzEpCtLpLt_@`h@|qB`nCzjGtkIpdHpjJfsAtgBnMdOxsBfcBhtAhiAltAxhA~kAv`A`y@t[rj@tS~oAne@fw@xYnSnHbKpDf\nN|t@|]p]rPhe@`Ux\jP~FdDxJlHjh@vS`]~MnGp@lJSjb@KnWLfQQ|LqB`DkA`LwFxPuNjKoN~OgZpQu\lu@_vAjU}h@pI_NpIgJjHqFxZoOt~@ub@~N{Gpa@y`@tp@io@rg@qe@fHeE~CwArGcB~Dq@rKcBnz@uLnzGq_ArjBmWhT{@vM|AraBjW|_ApOhJtEbKtLbF~MvCfQg@t{@{Bh~AkAbw@Kd^~B~XnDxOnEzKrKjPtKxIhLdFfHnAxNVfNTvJnDxCbDnDrFvBzGvBtLjD`Ufl@tqClNfo@dEzJbEdGvCfDjHpFpMdEdL\xg@gCzJc@lLTjW|Ez{Af`@d{Bjk@lHrDvG|G~ChFzC~HrGpWvSj{@hLlf@tG`XrD~LdFlLzH~LtM~M|LvH`IxCfKvB`Pj@pw@IdhDCvuV]r|LChcAGvpHChINnJfB~KlFlEzDvMpPltBprCx`C~aDzItJfClBxGfDfH|BtPhAffB@nGLnHhAlHpCtGrErI|KtMbVtpAtbCnI`NtJ|HzHxCbNVp`@o@lpD{GbeA}BnOmCxp@mXx}HmeDlkBaw@|FyA~VmKbdA{b@|QmHdC{@|DeCdH}L`J}MrOcZ~v@mxApk@ogArFqM|CaKbFmYtBsZlEcr@|@N,155,155,[9:00],[9:00],[9:00],[9:00],[9:00],[12:35],[12:35],[],[],[],[],[],[],[]
Cascades,"Seattle - King Street Station, WA","Portland, OR",gqoaHnrsiVxSuAfJhBpYvFrjAdCznAoAbZyYxbAkmAb`BemB~rCwhAhi@ic@z{@efA|b@kYhUi`@neAo}@bm@mi@vo@t@duEgBbhFKl{CkQtgK|@~NbAvx@hd@dK`En`Bb@b`Ka@rM|E~DzYwKfkAcJ`lAwtAnuH_iB~~JoGbdAaKbn@gJ|n@zIdbBeAnTcVbIoq@zEuWhKec@b\ee@fk@{Px[gKrf@}S|nAyu@bbByf@bp@ySff@{Hh\FzZlQbhA`RxYls@jDjg@nUdcBfwA``@nS~f@~Gvw@~k@f_@r[xZ`C~_@pD`XfPtXn_@pTzXn[xPh_AzO`y@p@dd@`VvSvItUfPzJzg@|]xqAh^tUtt@`N~h@bS|`@dXpYz^zYbo@lDfo@tVdn@rfB|gB|rAxv@nb@|s@j]vOjm@bGvg@tC~h@nWnh@mEjRmNzNk@`g@fc@~bAzdAzqAz_AvpCvuH~zAffExhA~yC~pDldDl_Fpm@djF|m@`_B_`@~o@s@xsGzIjv@zl@dOpTvOzi@`J~e@xf@pbAtrB`uDlgAbz@|U`Czp@tTbs@d_@|_AnYrfAz`@ncCtw@juBjq@vg@\bdBaLhaAyDxUaAhg@oPh~A}pAv]og@ta@as@pOye@tf@gPx^i`@fr@}oA`UqNdQnE`YnT|jA~|@dcA`w@xp@b_@hkA|[vh@tN`Q[bu@}t@b_@yNbMjAhQbNhb@lLjNt@v[fQ~dAto@hmDp_AtxAtd@|f@v@vc@sHpaAgCly@{@|UeN`O}KhRk@~VyMrY_i@n_@kHv_@_Vht@}r@lp@uM`h@bG|QmAby@cbAbVwMv}Cqf@nkAkZbh@sSnYoEzWbBfe@uXr{AyhAdr@{`@ra@hS~a@x@tf@pHfc@`b@`{@hr@r\l@xQcEdq@qKtjAa[jPr@bSpL`f@fOfu@tw@teArLfp@oHptA~Ux`@fC~]ePx`Bu~Brl@g\~l@_aAzv@ef@~w@wQv^u@~l@nBnz@mRfcAyL~wDknAvoB_h@tUwOhv@y~@haB}gAty@mbAb\ggAvnCa`F`QuQjViE~qAsDrsGyS`k@kOjx@u]dQCz`@dPjo@nEpsBi@dXcKnTu]l`@aOxe@tAxn@pPpU@xu@`Fvr@lLpeAVxuAib@ru@mYti@eN~aBon@pfByzAr\g`@p\aLvf@cs@hUaPnjDyYrtBwK~TtCdiChvCvz@bDxmCf@rQaDzHoIrk@s`AjzAerAlTuQ~_@ok@~[wOpZcWtBwIlE^zFdUgEtT{CrJ,220,220,"[10:25,21:05]","[10:25,21:05]","[10:25,21:05]","[10:25,21:05]","[10:25,21:05]","[10:25,21:05]","[10:25,21:05]",[15:00],[15:00],[15:00],[15:00],[15:00],[11:20],[11:20]
Cascades,"Portland, OR","Vancouver, BC",oi{tG`iwkVPex@mKpRocAry@seDvnD{fD`X}iBap@opBgpBafHff@{mBb`B{qF`gDauE|bAw|Emh@qz@bi@gzAzRm_B{EwmBjHgtK~k@apDvfFosA~mCgsApaAi`EbbCikGhcBaxD`_@evBbnBgdCboCgbAz_@i{AmYevBa@i|AkiAqpEn]u~Bu`BknA}TudCr}AujCny@ybGzmAiw@fcAq}@m@ugDz`Bcq@ny@gaB`^g}CvM__EqfAc~EolB{aAkIks@tt@gq@oDmgCm}@umC_tBeeAuT{pAtrB}oE|_FcpFjm@yvGeeBqvI}qDedDuvGg~AszBasGeIqvC~_@gcMg{AolDw_DypCspHkzCsoI{mBugBihBm|Aox@~UsuBu]c{AgsAeeCkeBegAotB}p@ggBgr@ua@yzAq^yf@mdAulBo}BwpB{NazAqtAegBgj@krEquCouBem@ad@coBxM}r@zy@msAjw@kfBtq@onC|dB}rAdq@_FtPaf@lVebG`iEaaWdCceBicNiBw}Cgn@swNzOobMfAiqCllBerDhlD{hC|fAedBztBwgAxsA_qAvDm{BsN{aAf]_XzfAw_@z}@sxAruBycCnl@}pBz_CiqBqDa{@I_j@mfBatAm|@ii@gGiuBb`@yxA]krAloAoxA{JoiBrXit@_`A}oBcxBynAiqBwhBeiAuiAma@aiBjDa~D_vAmtDgmAcaA{iHu|@ahCit@amAkRkxBnp@cg@{Ei[aaAomAwwD|v@grGeq@coGcTghFzzBqxFh}EmrAvl@mcAvqBkgC`fJ}bBnoEmxDzpBm~HweCagPwt@yiBpN{uAcjAsiBiBcvIjkAe_BnkEy_DlwBs_H|oEiuCjkDkfB|uDmfCrzBwuAcbAqwBfj@m`@vsB_|@hMeu@mDcSyq@wt@w^ktB}}Byo@bx@wd@d}Bo|AphDij@zlAai@fhAqmAjNkw@uPmxAzr@gvBhoBmzD`AyqBdnB}rJpmPapEjtIg}@~P}aA~qAehBnsKkEzrFkbApu@oxAvHmkA{dC{fDzF{O~xDymBduAcYlnAgn@je@imAq\my@zm@qeA~tAgtAasBg~EitEa]b{@sbAw\{iAsdAafA`wBce@x~An\fiEy{Ap_CoSjmForDbmBas@d@w`@ntB|D`aAcF{gApe@}oBlo@`@nsDcnBvRamFdPemBbl@asHn|AwqBb}Apv@|vAb`Apf@~mA}RntA~TfaCqY|u@w~@dMyx@nmF_}AjnEosArjEws@xYgqAjrD,515,515,[17:50],[17:50],[17:50],[17:50],[17:50],[17:50],[17:50],[9:30],[9:30],[9:30],[9:30],[9:30],[9:30],[9:30]
Cascades,"Seattle - King Street Station, WA","Eugene, OR",gqoaHnrsiVfeCpKznAoAbZyYxbAkmAb`BemB~rCwhAl`DefDneAo}@bm@mi@vo@t@duEgBbhFKl{CkQtgK|@vhAlf@tlBdFvnKzDwEbfB{iEpbWqSfsBgJ|n@zIdbBiXr^oq@zEabBttAar@jsCmrBnzDsHdx@nd@|bBx{AzZdcBfwA`hAn\vw@~k@`{@t_@~_@pDvq@vp@`q@tj@jyBlQ|x@x`@pa@by@|]xqA~sAvd@|jAhl@lt@~nAb\l~ArfB|gB|rAxv@nb@|s@vkAzWvg@tC~h@nWz{@{T|v@za@zuCveCvpCvuH~zAffExhA~yC~pDldDl_Fpm@djF|m@`_B_`@~o@s@xsGzIjv@zl@xrA~iDtrB`uDlgAbz@z|DlsAbkEpyAb~Chr@bdBaLl`CkX`}BmyBfr@{yAnfAqq@hhAo_BdwB~xA~tBdwAbgCvj@fuAwdAvbA|]bqBrcAhmDp_AtxAtd@tkA{FpaAgCjpAaPjz@c\rY_i@f`Ak_@ht@}r@lp@uM~z@tDby@cbAztDiu@boCou@b~@qUxnCujBrdAbUtf@pHfc@`b@`{@hr@lo@uCz|Bsg@pkAl^fu@tw@teArLfp@oHptA~Ux_A}Kx`Bu~BrzAg~Azv@ef@vwAmS~l@nBnz@mRfcAyLvhHkwB~lAqoAhaB}gAty@mbAb\ggAvnCa`Flh@_X~qAsDrsGySldBan@lcBpVpsBi@tm@yi@l`@aOruAfSjlAbFhyBdMbzGm{BvaDciC`}@edAnjDyYrjCaGdiChvCpiEjEn[qNrk@s`AjzAerAlu@e~@pw@{g@tBwIhMdVgEtTzBcK}Ash@`QiHhyAm@fz@k|Af[wVviEku@neBw]|sBkiGxS_{AjZ{ZftAs[bu@nJ~Z|Zzr@tTb}@jn@ptAnhBfzAdbCpnA`oDzs@fr@bs@lHzfAvWfj@}K|]{Wn`@~Dxr@ri@roAtoArgBhgGfm@lgAli@ldBfd@~y@~~An_Ad}ApbB~eQxrUrfD~lEbiEpmDlaDpjCtuDzvAbuBjx@lkDreBlfAvb@hv@PxiAyLdwBcnD|_@}w@vn@ib@fqBkmAdpB}aBbmAkQl{K{yAhqDzj@p]jb@KfmDf@hpBrW`n@`r@fT`h@xZju@luDvZhcAt[~QtfBdBfjFd{AzaAvsDtl@ds@x`EpHvpr@o@xa@dJriC~iD|oCbqDvb@nJffB@bc@|L~iBvfDdn@p]x`ByCxfE}Ln_Bup@n{KotEf{Aen@xi@e{@pcB}`DjVuoAjGsq@,390,390,[17:10],[17:10],[17:10],[17:10],[17:10],[17:10],[17:10],"[8:30,19:00]","[8:30,19:00]","[8:30,19:00]","[8:30,19:00]","[8:30,19:00]","[12:00,19:00]","[12:00,19:00]"
Cascades,"Vancouver, BC","Seattle - King Street Station, WA",swvkHxpinVzFy@tGqp@lJos@~b@ohA~u@uFhcAaqCjtAkeE~|@uxCh`@yqBXgt@rc@c^bVbH`PtAhKaKjDm_@uF{`@mPcbArJqz@hIkx@sMcc@kd@ubAwa@eb@mx@wRqq@ou@yUjCaWzZkXf_@qTfAwb@l_BqPhkEeVztAmSz}DkGb_CcObNktCn}A{_AhCeOzOy]veCxGp_@hK{B`BsUaO}t@pGib@jRy{@vVkFlh@QjeCcmAfn@sp@`E}iEdm@}gA|n@y|@lEonAk\osBhAgt@vWwc@lXm`Apn@siArZ|Nln@rq@`j@~Jxb@tOfTuu@tMyDnoCppCznAfwAhk@flAdQhRpPHtuA{pBb^cP~d@nFvw@jXh[mVhHmg@~^{cAdgAwj@~WoRnDwTaDc~B`I_a@~W}WzhBeGtz@~Qbr@bhBfXl\zi@zChx@}k@b^sOtSq]dBejAmC}wDbv@eaFjbAgsDb|@}x@re@}CdSgNvd@ysArdLuyR~vCgcFxi@kr@`eDj@pl@b@tNyOpj@g|@tzBghAh`@mRpT~@j{@jO`cAcZrj@mtAtQwh@dNmT`Ywg@hb@}e@r_@cdBfj@e|BdXyd@fQhBdu@bv@fhAdsA`[VjQ|a@lUxi@v]Trh@sYbP~C`L?|LaSfHepA~VkThv@{Y~nAiLxf@tm@|Q~TfWcH|Xee@tXcD~m@sh@xs@ueAps@wiAlM{mA~tAevAh`@wTdZkp@fw@{k@jdCu}AffEqlCtz@am@dRgg@xlAkeDn]_K~{Cu_@dv@iKdpCm]jf@hD`q@b]pl@fj@|Z`D~[oN|jDdM|yMvp@zwEt~A~aBpc@jXgEhk@ia@llBk}Af`@go@vpBy}Iv_@caBbU{Zpy@asBxt@kg@nr@cZtb@gi@zyB_mBpfC{gBlnAcr@vwCyt@nfGrf@xaFpx@x_@iRnoAsS|k@cSfg@qG~PtLtZhs@b_@rTq@lQsl@zUsDxgBzmBdnDvTbr@bBv{@fIlqA|]v{Ab_@nfBjt@~Xdv@{Fbh@bTbe@te@lrArh@ht@pIrpAva@r_@iNfo@mBbg@l]~i@Er_@bNtb@dc@tNpj@t_@vn@~kAdtA|lB`yBrUnX`e@_N`aAwI~TjIve@~Fx[eDpTiOth@mk@bTsRvT~Bpf@tKd_B{q@re@mDlVhL|o@tGlc@xRtZzYnP`_@f[`jApRpNlc@oJrl@fExq@`Mpb@mRdWeIfb@khAhv@yk@~u@m@n`@{Bha@yd@|s@q_AdeAyvBdDmOhHac@db@aj@`PuA|EfC,265,265,[20:35],[20:35],[20:35],[20:35],[20:35],[20:35],[20:35],[10:45],[10:45],[10:45],[10:45],[10:45],[10:45],[10:45]
California Zephyr,"Chicago - Union Station, IL","Emeryville, CA",wlr~Fna|uOd{OvtyAhuBbs\lmNjlZbcZx~jC|r_@pjbA`}Lham@`nXd{z@hrm@hieA`mJ|jVyvAlob@xkHpoe@`dIx_k@izCnyOw|Zp}hAauFdc|@pnBb`vAw|Ltbe@}nDtuYtnJds^vxJvrb@avAj{^}gIvgm@mOlgnBkU|dbBdgO~zeAdhFtnZgiHjkUukEvbf@idB`ub@}iC`rs@~kDnxK_v^leBibMv{UbuIpjVppJlrf@bha@|~c@`eZpzr@r~MrmXlqVhtZy}B~b|AzcG|noA|jA|xuBy`Ddq\nwH|{^`eWvmiBbuPzm\rgSp~Kw{Hzj}@d}Qx`fCkhA|ux@r{Fzjj@npHpjt@phGx~VjtFf~h@ljD|ll@yjLtoc@}oDhjdAojGn~oB_s@`xl@uuP`gl@gFjvQjiApeu@~{Jxux@zxNtaeAttFhzT|uTpiVvkTpvWlvN~oRkdGfvA_eFfpVuoA`{UkmL|`Ncb@~eXjuClga@gjA`x]uuO|xI{{Hd~EasFnka@z_JvqjAtrPfcWtyK|qKdYvcJi~FttP~kFbvNnjOdwUx~\duSz|Nzlj@|kAhcoAb}Lngu@btZnbi@|mWfvIrdVpsb@s`Bfvc@{~Slnh@dkGl_UpyTxjl@rfTxp_@yvA`hs@jcBrxc@lkCl}UaiI|vY}wIjvl@ejq@~bMusOjkHmeD|`HkmJd{Xw`Ylgf@cyQz|HuzThpNseFpmLq|Pz{XfdA|{Ho`HbzWqzMval@e_E|tE_iOnzEy{`@d|[wwPhiXezEnlFk{TeoDsi_@pl@qeEhlDdjAfuZpgCbzS`wGbbp@qpXdcrAhjGdxPdjFtnIfyAnwx@~gB`fbDyg`@xeWekLts@tq_@det@v{G~xH{eJptHucb@vw{@qnYl{CsjD|eWjof@rdjAsMh}]`fh@ft|@v`Axe[d}Of_M`wF~zObmAzgVmuGdtSujPfuDtZvpYh`Dljd@ksShh]mhYtx^woPzr_@jdHj{TywLbr^dhJnsWlxN`ya@tba@jdZfySv|e@xqWfwHhhd@~uJ`nR|vSjiVnb`@`mVncJl`MflN|rXnN~_c@npt@seHbaj@f|Bx{Qr}DrpYpzHvja@iDn|b@wg@l}Sr`KxhGlaKn~ArzAl|Mx_Pru`@u~AdbAqjApyVb~B`yWbe@npZjgJlnKrmOv`]z_VtwMvyRvuVp_JfzHlbFn}N~`TfoOf|Y|h[|nDdqc@d_Qft^voq@deq@`a[x~JhwGbGqoBxzJ`aD`nTx|EvfLf~ZuzK,3130,3100,[15:00],[15:00],[15:00],[15:00],[15:00],[15:00],[15:00],[12:10],[12:10],[12:10],[12:10],[12:10],[12:10],[12:10]
Capitol Corridor,"Sacramento, CA","San Jose, CA",_}njFjrqdVwJzBH`BH|HInGqGt_@gCdz@yBphAEv`@dDhe@bTd}AxoB|uNxuAt|JfW~iBvVpgBfD~QrEzJd[rYbxBxjBj_UtqRxoFduElxF~{Evg@~b@~[vXvTlPfx@la@di@lXpJxGdTdU`Qv[bc@~_AtqBrpEjfAr`Cba@z|@jGzK`IvJ~SlOzc@hR|_C`cAbgErhBboF`}B|h@fUzg@hSxWnCdTOh}Au@za@zAnuAzUz\rG`JbGnd@r`@|k@nh@fi@ve@vJxDp]hHna@nCfGUdFqBxoAu}@hHyAbHJpVzAlJjDlJxMtAhHbHbd@`C`H~IvO`DxJtBrUb@t[yBlN_FjRmg@haB}I|XsDlGmH|D{EfG}CrF}ElDwRhB_G`BkJfH_UnL{GzIiFzKkFdGqGjHmKlT{D|Kk@hOc@|WqBjQsOxfA}DhYAdGrEdTPvPsEp`AgC`VgAxNrC|L~LvV~KvJlFtH|AfOb@zd@~BnInDjEdN|Bn`@~CnFlDzCtExEfSlHt]~G|G`UjCbIzBnKvFjI|LhNlHfKvGrCdF`FlXdCnHnHdHtRrN|RrR|FrHjBvEb@`Dg@vZC~JjBdTuFj^O|G|@dGtBfEn[|a@bOtWpHhO`DzOd@fOuFri@cCrZ`BfTnH`SlFrGlNtH`UnBr`@~Af\rAjsDpOlR@d^wD~QqFbXgNrU}RlTsZ|`AmxA|Wk`@xMwN`~@yr@po@gf@zLqIrIcDnZgFfr@iM`tAmZrmC_m@hXwFlZsElb@_AxHRzQtAfNlCrLbGfl@zu@xHvIvGdE|FxAlGPzAEfM}DdHiGlD}F~C{IjCgLxJmt@|Gs^fJy\|Vc}@pH_i@fDa_@`Gaf@`FkTxPge@lrAyxBjWsb@bKoPbe@cm@ne@ak@lO}QlqAg}Ad|@_eA|hDkaEjaNafPtfBcuBbu@s|@~\wc@v`@qn@|Tig@vKg\bIi[xCwNbJkm@hEcf@~BkHxJuLlPcRpCq@bBPtCfC~B`KdXzyA|[pgBvDdMrGvGdmAb|@`sAncArc@n\zEKzEgIzXqv@|b@olAdFoJlLqMlx@e|@dv@ey@bx@c{@lP_PnD}ArGeBhIg@ha@zAdHV|Nb@`f@`B``CbIxLj@bJrBpI~Ahk@H`]c@`OeA|IqE|OkNryC_gBla@sVpa@iVf]sPjLqCvEe@fe@StQApF{@tc@cSpFoIpD_KfPea@jFqK`Nw\bd@_jAjIuQrb@cf@zHoGjGo@jFeAfCICaB_@cAuDJqDLQyLaAoGeIiT{Lq[yK{Y,188,188,"[7:30,8:30,9:20,10:00,15:10,18:35,20:40]","[7:30,8:30,9:20,10:00,15:10,18:35,20:40]","[7:30,8:30,9:20,10:00,15:10,18:35,20:40]","[7:30,8:30,9:20,10:00,15:10,18:35,20:40]","[7:30,8:30,9:20,10:00,15:10,18:35,20:40]","[9:10,11:10,12:15,15:10,17:10,18:55,20:40]","[9:10,11:10,12:15,15:10,17:10,18:55,20:40]","[9:40,12:05,15:20,18:10,19:20,20:50,22:15]","[9:40,12:05,15:20,18:10,19:20,20:50,22:15]","[9:40,12:05,15:20,18:10,19:20,20:50,22:15]","[9:40,12:05,15:20,18:10,19:20,20:50,22:15]","[9:40,12:05,15:20,18:10,19:20,20:50,22:15]","[11:10,13:10,16:05,19:10,20:10,21:45,0:10]","[11:10,13:10,16:05,19:10,20:10,21:45,0:10]"
Capitol Corridor,"Sacramento, CA","Oakland, CA",_}njFjrqdV{JpABh@H`BH|HInGqGt_@w@~IoAdo@yBphAShPLlOb@pM`CvVbTd}AxoB|uNxuAt|JfW~iBvVpgBtAnJpAnF~AfErBrDtGdHnRlPh`@t\\j[xWlz@ht@fuBlhBnX~T`r@rl@t}AnsA|lBz`B`t@|m@zzFh_FpmB`aBfaCbsBvb@h^lTpR~{@pt@jaBlvAz_@b\\vg@~b@~[vXvHnG~J|G|h@dXhNfHdi@lXpJxGxHvGjJlLrIlNlFhLl[zr@tFbLt_@xz@pCvF|O~^bb@`_AjX~l@jfAr`Cba@z|@jGzK`IvJnKzInGpDzc@hRveAnd@dy@p]lyBl_A~ZdNtp@~XhtBv|@xyBh_A|h@fU|RlI|SzHtKhBbKd@dTOh}Au@hOJpQnAnuAzUbWjEvDfAfEtBxClCnFnE~\\bZ|k@nh@fi@ve@`FzBtC|@p]hHtFt@vLl@`Lj@fGUdFqBxj@oa@~c@e[hHyAbHJpVzAzEpApCxAfDhDdEnHtAhHbHbd@`C`H~IvO`DxJtBrUp@pRMbHyBlN_FjR{Sfs@qR`m@}I|XsDlGmH|DsBjBgBzC}CrF}ElDsDl@cMz@_G`BkJfHaNlG}E`DyCxCaC`EiFzKkFdGqGjHmKlT{D|Kk@hOc@|WqBjQsOxfA}DhYAdG|CtMt@nEd@`IStFsEp`Aq@hMuAvGgAjG?lFp@nE`BlFrDfIjGnL~KvJbCdChBnDhArGRrFPlUPlNv@zDfArCVh@vC`DbEpA`Hj@vV~AvH~@nFlDzCtEv@pB`DtOlHt]fDjEvBpAjDt@tOtAbIzBpFxB|C|BjI|LdBjBbK`EfKvGrCdF`FlXb@lB`B`EzBpCrDrC~FhEtJhHbKnJxFbG|FrHjBvEb@`Dg@vZC~JjBdTUrD{@`FcDtQO|G|@dGtBfErQpTzHjLbOtWpHhOfBzGx@~Fb@|G@hF[bHyEn`@eBzN]vJ\\zJbAjHjBhHbEvIlFrGtF|DvFvBxCj@fPbAr`@~Af\\rArcB|Gvs@zC~YvAlR@~OcAdMsB~QqFhLgFxJ_G~I{GrJaJzDsEnJcN`C{DvOmUdp@_bA|Wk`@xMwNhc@_]vYyTpo@gf@zLqIrIcDnZgFfZ}E~VkFpl@sMde@kKtoBic@f^cIjXyFnL{BzLuAnT_A|L?xHRzQtAfNlCrE~A~EbD|IzKnIhLxVt[xHvIxAlA|DvB|FxAlGPzAEjGmAzDoBdHiGlD}F~C{IjCgL~Fcd@xBiObAcDzA}I|BqNfJy\\jFsQjGcUrBgHw@c@,125,125,"[10:40, 11:55,13:10, 17:10,19:40,21:55,0:10,1:30]","[10:40, 11:55,13:10, 17:10,19:40,21:55,0:10,1:30]","[10:40, 11:55,13:10, 17:10,19:40,21:55,0:10,1:30]","[10:40, 11:55,13:10, 17:10,19:40,21:55,0:10,1:30]","[10:40, 11:55,13:10, 17:10,19:40,21:55,0:10,1:30]","[13:30,20:00,22:35,1:30]","[13:30,20:00,22:35,1:30]","[8:25,9:25,15:15,17:50,18:30,19:50,21:10,1:00]","[8:25,9:25,15:15,17:50,18:30,19:50,21:10,1:00]","[8:25,9:25,15:15,17:50,18:30,19:50,21:10,1:00]","[8:25,9:25,15:15,17:50,18:30,19:50,21:10,1:00]","[8:25,9:25,15:15,17:50,18:30,19:50,21:10,1:00]","[11:15, 18:00,19:10,23:30]","[11:15, 18:00,19:10,23:30]"
Capitol Limited,"Washington - Union Station, DC","Chicago - Union Station, IL",eallFbi_uMsbE{kAkiIngDq_JvyLcfIzkJy`IjvFuiGndWycIfqZo_GzsP}qEr}BmFpdK_zAjpJsDbkIkuEztLlGl{G{bBhwDktCh@mvDxtBi_CbtCob@`hEe{AnX_rJda@_aFpgAcgC~Egd@hsBg`CjsBihDhbDcgGjgNcr@vaJniCd~Hh}@oq@fu@pqA`_CvuCdkAr^ky@lnGs|@pxEds@nu@pq@f_Dh}A_FjdAhiCxxAwQ|`@pxBlxDprBjfBrvCdiAvdE{]pfOmjAnvNqtDpqLwyBtbAspE_SexAreDaiAp]waBld@_yBzrB_gGcsAkjEkhFmmKskBmdBdbBbu@lnCmsA|tC}SbkDx~BjsCbfAvpEw}AzhHu}@puBrh@xd@h{Dj~Fc~B`nD}xAj}EykAv{@krBvj@_pApvBiW`}CoaDl|Dii@jqDltDftKnuEfLvrAzxC|[`lEnjBh_Avr@b@eZ|nCvjAdjCa}@`p@cbCfiCooC`rFth@diG{pCprDof@|m@}`Ca~Ae{@d~@su@}{A{lCfgB{tAl^gcBllDy`@vwH{~D|lCemCxk@_}AsUkvB~j@kpAnGwy@ayAgdCch@ewEvIoiDhl@iaBvwBamDdMgyBmtDmiFy~Cm~BrDyyCllBqiBfbF}]xeIiuAxwJkpHbvGbKx~EvGvsD{\hdBeiEf_EwpCtyAmKj_Fqb@x`C~yAfsEiuAljFqlGjnIcpD`nQgfEvkEq}FvvC{gHrSidGpgDkpCrnFeeGtmCg`ErdAytDz@~CxuGeArtBcy@iI}dFny@nx@pfG~rBz}LqCjyFoRzaHu`E`rDyhAdgIho@j`MvtAxaF{`AddEs`FtmHsiBb|Jjk@|bXab@`dEenJl}G_}Ul~JqjHzpGakCtnJcyItqTe}Dp_H{gJ||G{pMrcDiyEbkH}aCvoFszCre@skEnzBekAd|CtiEjlNfiD|dGvhEngDdaHzvGfk@zrm@ijEjnZo{BrtSlpFdsPj_AhsLioBr}HopHxcZcjArqM}hEtcGkmBpbCui@plLyfAtjMkBviO}wA|h\ypDpxb@acC~}IgrF`dJy~AbiD~jBjy\vyFxto@zwKlgmAzyNtu~A{Af`t@siApgf@ilBh}o@}jCftLypQ~md@ezAzdFgmKheQe`CnaD~jAhcHl`Alqa@edCvhQwvC~xb@{^v`IvbB|rI~qGrcNj}G~eSh}@|uMwf@tbIk_B|~d@}NxsThiAvaPan@xjNylB~pHaoE`nH}|Ubz`@gcRrz@,1060,1060,[16:05],[16:05],[16:05],[16:05],[16:05],[16:05],[16:05],[19:40],[19:40],[19:40],[19:40],[19:40],[19:40],[19:40]
Hoosier State,"Chicago - Union Station, IL","Indianapolis, IN",wlr~Fna|uOb@oCjAGpLAv`@sExa@oBdi@KnULzKjGlPxOzErN|B`OzNzc@jQni@zRni@lGh^f@np@lGfi@zBzKbYBpWQhIqBxRkLzd@kYhIaChi@y@ve@Hv^Q`Wx@zInAl|@o@tOwClTy@b~@Yv[_@jLkCbEeKJiYIwkASgnB|D_IpDoAnUGla@oC|a@kH`XmPrHwAfj@gAfm@e@fiAcAvvAmAh[uArPkJb_@e{@rT_g@xJ{G~o@wAhqBsBdcA`@`fD?trAUbr@?bHqLhc@_x@~nAu~Bnn@wlBnsBemGhHyGtJi@plDAnxA@dJaApKoCl{@wx@`g@yh@vnAcjBpU_Zbz@y{@v]m^tHoDthBc[za@sJt]}Qz\oL|TkFtl@eHxd@eFjw@yId`@aE~o@DhkAtBnd@v@j^o@~Z}K~WgXbXu_@fXoRdm@gNl|Bwh@~SV`WbBlo@dE~M_ChXoNjkBsaAfo@y}@lWgRdqA_z@jdFqcDztCkjBd_B}cAr}BkdBnzIixG`mFu_EncFi|CvgEchCxwCkgBhZ_RpSeVvaAaoAhGoKvAcHNgl@_@m{CSw|BrB}_@|FwXho@k`CdpA{wE`sBarHlcBidGdPua@jRms@ze@iiBroAkyE`DoLnFgEfpAiBrlHaK~}DoF|z[}d@beCyDnt@oB`e@eJdeBan@|sDqrAtuAag@zVcHbL{@tTx@jLnCfOhHdKzIhUx_@fKxNnLbKvXdV~\rg@|WrRdq@bQ`hBtc@ld@zVh^lGta@~FvO|Gp}@hl@pJlKbPhN`QxIjUlJfXxJj]{CnJjBnM|IdT~RzGlNxUvg@~Tfm@dPre@rMhTfu@r]zQnD`Je@nFmBjYsLtUoHlI@dLtGvHhGvKjCbVNrJaAxOyE~PlEdM`NpHfFvJrAhIiAjg@_WjfDobB|aAwMr`AIxvA`Kdc@HzvA}A|qAwFnd@{@vvBsUzaDi^zrEOnyCQ`mEmBjyAo@jKoChMaHzp@s_@~H}CpLS~VClSlKzIfIhQhDxFYxLwExGaB|OfAb\rClJgFnWcp@lH}LtJaIdF{Gj]agAp~B{pH~tEa}NrlBodGjXi_Axp@ilClf@_vApdAirCzf@esAbdDy|Ifc@skArJm`@jq@e|DnmAyfHdw@erExUauAjF_Y`Pye@hPwf@|Ogf@`q@grBnwBetGpa@gpAlDgQhG{NnJgItp@uYhk@kVl[gGvxCw@vzB}@dL{CrJmHnHmOxD{ObAwMiHet@wsAeyIiv@qdFiIcf@uDm[Xi`ApGup@fByM,240,240,[18:45],[],[18:45],[],[18:45],[],[18:45],[],[7:00],[7:00],[],[7:00],[],[7:00]
Cardinal,"Chicago - Union Station, IL","Indianapolis, IN",wlr~Fna|uOb@oCjAGpLAv`@sExa@oBdi@KnULzKjGlPxOzErN|B`OzNzc@jQni@zRni@lGh^f@np@lGfi@zBzKbYBpWQhIqBxRkLzd@kYhIaChi@y@ve@Hv^Q`Wx@zInAl|@o@tOwClTy@b~@Yv[_@jLkCbEeKJiYIwkASgnB|D_IpDoAnUGla@oC|a@kH`XmPrHwAfj@gAfm@e@fiAcAvvAmAh[uArPkJb_@e{@rT_g@xJ{G~o@wAhqBsBdcA`@`fD?trAUbr@?bHqLhc@_x@~nAu~Bnn@wlBnsBemGhHyGtJi@plDAnxA@dJaApKoCl{@wx@`g@yh@vnAcjBpU_Zbz@y{@v]m^tHoDthBc[za@sJt]}Qz\oL|TkFtl@eHxd@eFjw@yId`@aE~o@DhkAtBnd@v@j^o@~Z}K~WgXbXu_@fXoRdm@gNl|Bwh@~SV`WbBlo@dE~M_ChXoNjkBsaAfo@y}@lWgRdqA_z@jdFqcDztCkjBd_B}cAr}BkdBnzIixG`mFu_EncFi|CvgEchCxwCkgBhZ_RpSeVvaAaoAhGoKvAcHNgl@_@m{CSw|BrB}_@|FwXho@k`CdpA{wE`sBarHlcBidGdPua@jRms@ze@iiBroAkyE`DoLnFgEfpAiBrlHaK~}DoF|z[}d@beCyDnt@oB`e@eJdeBan@|sDqrAtuAag@zVcHbL{@tTx@jLnCfOhHdKzIhUx_@fKxNnLbKvXdV~\rg@|WrRdq@bQ`hBtc@ld@zVh^lGta@~FvO|Gp}@hl@pJlKbPhN`QxIjUlJfXxJj]{CnJjBnM|IdT~RzGlNxUvg@~Tfm@dPre@rMhTfu@r]zQnD`Je@nFmBjYsLtUoHlI@dLtGvHhGvKjCbVNrJaAxOyE~PlEdM`NpHfFvJrAhIiAjg@_WjfDobB|aAwMr`AIxvA`Kdc@HzvA}A|qAwFnd@{@vvBsUzaDi^zrEOnyCQ`mEmBjyAo@jKoChMaHzp@s_@~H}CpLS~VClSlKzIfIhQhDxFYxLwExGaB|OfAb\rClJgFnWcp@lH}LtJaIdF{Gj]agAp~B{pH~tEa}NrlBodGjXi_Axp@ilClf@_vApdAirCzf@esAbdDy|Ifc@skArJm`@jq@e|DnmAyfHdw@erExUauAjF_Y`Pye@hPwf@|Ogf@`q@grBnwBetGpa@gpAlDgQhG{NnJgItp@uYhk@kVl[gGvxCw@vzB}@dL{CrJmHnHmOxD{ObAwMiHet@wsAeyIiv@qdFiIcf@uDm[Xi`ApGup@fByM,240,240,[],[18:45],[],[18:45],[],[18:45],[],[7:00],[],[],[7:00],[],[7:00],[]
Cardinal,"Indianapolis, IN","Washington, DC",k_uqFre{lO{[cnLjtJins@nlIyrg@vkGww`@cxAy_TuoDsxQ_N{tIj~AmlR{nEsqLxjEorC}pAidCfbBcgFdvKaoTdzOybPxvBzJtzBm|GdoEiqKltBmzKlaFmqBryJo~MnmO~K|nK|tMzsHkYpZq`BrzCy{BmxE_}CsYubDzlEgqAz`EqvAny@wpEnvAicIncGgwE`cHosCdbHqxEp~Hsk@jvEslCfu@u|Cth@epFhcC{dSksAelPfzBywLp{@w}ChcG_nDbqCilHn~EqdCdmCcqUwlIe|F_dBqwNfpFoiT~vCygOzxDqaBp_AiwCkzCefGfx@inP}sKk~NycIczNicAe{Qb{@sxC`iGdKbbOwkD`fHw~JjcBwjOxcFslEr~FukKjfGorAtkCebDH{oJ{jBghKce@akKmd@sdPjaBeqBa[ijD_uDosMhdDm`LgB}sJmbBaaGsh@whNaVspG~n@kyEb}CpIhcCoaB~aAybGfuB_{FtYa~HtCa|I~`DafGp{C}nGlhHfk@|rG_dHpjBkzG{pByxH`mAynCcq@gwC`tCacD`]ksF|xAu~@v|EiuEft@ecIizB{cBajB_x@|{AceC~kAgPyb@gyAjrAahAd{AsiAcm@e`BvrEqwExyDuoBjSs`D`|AeaAb{Eq~@vmELhf@r{EdIh{CrvBqoBrxByl@xv@i~DxaCvwFdeD|_@fqAukCjfBjUpVenD}Mi|E~lAigGfcGgdIziDtnC~vA}Ff~@{`ChxCap@tqBo}@baAjgBjhCczA}HyoLl~@wsA{VijImx@glAcdCyHmmB_qIwzCic@}Xo`DlQkvEwoC}tHpmA_sG|y@a`BcyAwaB}iDqmG}mA_nBqJw~Dtv@u~CyKk`GstBidDhcAwkAbkD}nAhk@ugFaoAmkCip@_cHgdBg_EubCgyLc`@qhHjiEa}D~fA~Qc_@iiDwp@wxG{pCiqHguAgvKqfOqaVsgK{}HmfH_fQtpB_bI}vJacLg{CqdE_Yg_EcuCawHer@swC{jDm`@uwCs|AyfCybCndEiyHh|@etKmXweJjz@a{DjoBkqB~cCmeE|\\ivLxvCcaHlsFyyBgcBcgK}|DwiMzgCouTrUa`Kt{Bg|HgiGquEgcMiePi{C_vIe[umHicBeaDwfF}kLkkAm`KauFgkBmtOa`KkgNoxFy~C}@}uD{bQadEafQg}J_rMghO{oUiyMst\\imD}oEsUabKagBqmEnIgcFdCqySkr@gjXywDuoButCbHwvCqdBkBmzB}sAid@,1220,1220,[],[],[1:00],[],[1:00],[],[1:00],[],[],[11:00],[],[11:00],[],[11:00]
Cardinal,"Washington, DC",New York,eallFbi_uMmFiHqMuC_PUgb@kLkLwM}i@s}B_Bqe@jL}~GiM_aB}_@uw@is@ot@k`B_cCszAeoAqn@w`Ai{BclFciBq_Eq~@}{Auv@_n@km@ya@{}@yaAqaAy_@{u@gc@kd@i\\yw@ckA}^e`@cw@c]c`Cu`@avAuOai@tGe_Ab@meCaB_gB}Vwj@Akz@rW{fCoRacBkNolAsAmv@yF_WsNyfA}w@m`Ayn@oaAkmByl@oOqGaS}@qdAuo@odAo@eVlMmTpO}i@{AsbBhJe]nK_Sa@coA|Bgf@nRmk@hJe_@g@_k@mJysBi^_lBed@s{Aan@cj@ep@_n@uRqz@~@onAqJcsAcwA{eHiXgeAi`@q{@az@_eAusCoxBwi@ic@kX_k@_o@qoBy|@mqCwbDk~Jub@aeAyy@cjAqsAatAo_D{}Cy_Bky@{g@av@gz@qjCmf@cqAomAspAy_@it@wIg`@_`@qoB_bAwsEiOek@{HaeC}O{{BgWcxA{Lk\\av@c|@g_AubA_Wec@iRks@}Nc~@`Igq@pWyhA|JyaAnJyqD}TazAuQg~@sc@keAgwAswBgmBy|By~AkcBuc@oeAuoBclJor@smDs_@{~Aw_@_aA_SkkA}S_pBc[qyCm`@u|A_l@mv@qgAuiAhCkk@fKmm@wNgk@yn@iwAy`@_uAkUajBuPuWivAuo@ej@cd@yl@wi@s]ok@s\\{o@yd@}g@uq@{m@_f@cx@erBu}FafB_{Eci@yyA}}@sn@iaAmr@uq@_rAsl@yeB{y@glCuc@{y@yVm~@_Myq@_t@gmA_~AqfCkYk`@{HaZ}SgrAwNyYkf@eNmPxBa_@vYcO`YuPvm@gMpAuLkLcNkUwd@ex@eiAemC__@itAoOek@{L}bAlPcvCvE_r@oDqXqXoa@wLyp@mQgjAgS{cAab@afAkd@a`Awa@}v@md@kjAa_AcrBq]kv@wRqQ{QmUgjAs`DivBudEeLuk@_PkuBiRckCgQmbAmi@cqAgn@en@k}@yq@agEe_FuiAgj@a_Au[q|Aca@ue@e[e~@{oAweCelDcfGmkJ}qGs`J{}FsbIa~Ba`DwpAa}Ao}Aa|@iwGq_E_nAsu@quB}xBucAmgAuv@ebAo_EwoIsU}dBcW{hAqUgd@en@a[m_@e]uv@qx@k]eu@cqBsfDg}@siAi~@geA_fH}wHcWcVmZeJmeBgiA_}CgaBweA_v@ctAouAml@iiAeK_kAyNqbCkcA}gEku@m{Bkc@soAmMo|@~wB_dHzAsEpAaEnKgP,175,175,[],[],[18:20],[],[18:20],[],[18:20],[],[],[6:45],[],[6:45],[],[6:45]
Carolinian,"New York - Penn Station, NY","Charlotte, NC",q`vwFj`sbMobCngHzOdlBddCpnI~tB~dJvpJ`qG~rKlrKboKf`OpjDn{JvnDneFn{Sh|O`o]f~f@zrCxqDbhHpeDpqGt}GtrAx}ItoJ|dUhvC|~H|r@vuDbAzfGhrCtjH|^lh@jg@q_A~jBcLzkEzgJpxBhyGfsArrDlgC~|BbaB`bE`nCpjH`uDvaGbgFhqExyB~sJf~Cx|JxiCrcN`zE|_Qb_HdoJhFzvLjTt{EbuDpbIduCziRdyEfqJjdL`kKpaJhiWddGj`GjaCh}N~hCrbFrw@foIuv@nyIaX~dA`t@ztCrhAr}@n_FrhEliLzI~pJjTlaHt|ApzJrdIxlFboKvzGrzJjiBjgCdMnyEb^jfIpe@hf@hjCxn@Tb`ChoCngBxzCgGtxDreBn\rtIfb@xkEt}Alc@dkBneBbaFlcCtvD~wDv|EvlC|`Jbw@~aDhaAr|AaVj~AfxA~lF~vDjuF|aBdoCpi@vyE|uEbzC~nAbSdlAbiEvmCjjAviF~fEgJ`jAzmA`eEa`@joCqwBlrDlThyAy@r`D|`CnbMisJ`zFkoCbpDm@xpIkmAz~B|^fKhuEeS~hDt`B~|ArrAvh@rh@bnAnwClCtwFwi@n{JpgAbzRt~DheLlFxkEq_BtqCmfAldGzjCjhLi`Hf}E`PbvFtBncFknBltEi}DdlDcGvaGp`Cz{Bjt@|kD_vA|{Ha[hdYsjCdpJvx@`pIhuArfL|cEzvBppBjoJxeC|gJnsGxqBnqAv~HbhAxvH}yAf`FgiA|qEb~@xbJxwC`_D|qEtxD~hAtnFpTxqF{qBnmM|cFvdJz}CraFz}F`rH~`B~lHbbEfmH~dDr`WtjHxmd@bpSjsCdpD|dL|n]naJztZreAfvDsvEtsH}}NxeW_xBzuCmw@llF}qBdlG{bAd~Gc|C|mDc{ClI{dCjnBkz@jaD}N``FvJlaLiaC~qGakF|mA{xC``BceBkP}hGvG{iCk@saDv|C}iCt~EotA|nC}|AnxDiXrvJwg@xkB}T|mCskCzrD}{@`}JqeC|y[hmBrxQspDnzJpr@~sI{gAhpHbAxfJdoBhmKp`AdcJdgDtgUpcDtvDphC~mChzB~eFjcCnvCldB|}G`kFhdEjvDpnEbjAphIvnDzzJr~DtmL|mB~eDjtEzgBtbFr|Htg@hhG~`InbLvbB|cEvmIzdHxxGlfJrjErbA~pCzbApfIqpAp{HoqCrvE~PdqCldErtBz|DnIxdGbe@rlClzBdjAplC`wBt`AbqDdwAxwGGlD,807,815,[7:17],[7:17],[7:17],[7:17],[7:17],[7:17],[7:17],[7:00],[7:00],[7:00],[7:00],[7:00],[7:00],[7:00]
Illini / Saluki,"Chicago - Union Station, IL","Carbondale, IL",wlr~Fna|uOS_Cv@OjAGpLA`XwDtG[~WwBpd@_@bi@PvVMjuAeA|rByAr[MrRThNpDtLd@zZSpMx@fDhBzMdJfHj@lo@Gb`@[vkBsAlIFxK`A|ChCbB`Ej@nRXfx@r@tz@n@noANxd@L|G|BdL|DvMvXlv@dGhVlF`M|EtJzb@xk@hr@q@`KiC~KsHnTmTzX_YnTeTdJqFhEaAnUu@p[]lnFwGbSq@hE_A`HaDt_@wWjFmDdLeDr]wG~TiEjf@iJdTkFjJ_HfL_OxSqc@`jAggC`X{f@`HmLzEuDjCa@vCj@bF`GvE~ClThJr`@hQzzBjaAl}App@rhC|iAldG|jCt|IhyDtdUzwJb{KbyEbjClhA`}@~_@~W~H~oDz`@bkB|ShkCrY~vBnUpa@zDjh@bH|mAhNde@fFdUlFzeCns@trDzcAxmBxh@ddCjr@f{Ata@zjBhh@vfIr|BjoHhsBbuNx~Dfe@jMzRzDdtC`b@~vBj[xnKl|AjnIfmAbwA`T`~Anf@reF`aBvhRfdG`qMfcE~}NpuEtfNrkEdsPpjFdgCfw@r`@zL~NpEdQtCrx@dHtq@~Fx{@hGfsBtRtcGfh@h{R~bBruCzUjuEx`@rpGbi@lgDzYnsI`s@xoNdkAb`I|o@t{@vIpOzDdgB~o@xoG``CbaH|gC|e@hQ|gAja@rfEp~Ax_FphBrdEfzAxnC|aAbmFjnBvtDvsA`]zM|uA`g@~rGf`CtrCvcAlyI~`D`yBzw@hY|J~UjGnqA|TnqEpv@b`F`z@fdBtYjb@bKf[|Lhx@h_@dz@ra@ti@``@~Z`ZpYh^nyCj}Dv}CxbEfy@~fAp_ErkFjqGdqIv]fd@fLdQ~kAv{AvgD~mEfsBvmChoAzaBn_FtqGpmBjgCtjD|pE|`AloAzKfOh}@z}AjuEnlI~Xxg@fuEtkIxs@voA`OlPjLtIzO|HnP`FdQlBln@bGdj@pF~n@tHxoAdW|l@zLp`@zIne@xM|HLhIxAzThEjDfB`QnHv}@nQdIxD|HzCvs@|O~{@jP|h@hEzRjBr`@nHvk@jLdw@~O~zEr`AjlBzUni@dHnlB~ThlC`\bcGvs@bmBjUlrHf}@`iBfTxh@pG`wAbP`u@tJth@jGtzDxd@po@dJ~f@tE|nEri@zr@`IhbAnMxVrAvLOp_Ak@zXiA|k@s@pdAgAtZ]tl@Qfi@i@zWgAnUNr]eBjyBwA``BoBrwJaMlvCqDhk@iBrdAkG|oCqPplAuIrtG}`@~_D{R`|BaN|pA_JdO{@v@nC,330,330,"[9:15,17:05]","[9:15,17:05]","[9:15,17:05]","[9:15,17:05]","[9:15,17:05]","[9:15,17:05]","[9:15,17:05]","[14:00, 22:45]","[14:00, 22:45]","[14:00, 22:45]","[14:00, 22:45]","[14:00, 22:45]","[14:00, 22:45]","[14:00, 22:45]"
City of New Orleans,"Chicago - Union Station, IL","New Orleans, LA",wlr~Fna|uO|oUW|uAphKpj@ty@jyA_ZluB}bA`zLisAtpBkrDf}Agw@|cKxoEjuQl~Hvli@`mUpuVrrCvqx@x_U`i[xbFz|\b{IhkYzbJv}e@fiOnvQthExobAtqIxoNdkAx|Jtz@phK|vD`hIfzCjpNnjFhmZfxKbaW~fJjoMtyC~dKxnBfoJv{IpxKlwNtwV~e\fwZzad@jxHnbM`lH|hArqO``D|_^z~Eflj@jxFrmf@o|@z`b@unB~aA~w@t`AaSv|C{mAtoDru@tbDfy@rhCduBryDbaBn{CzIlaD{m@tzBa_Dv_B{h@zdB}eBz[_oAzhB}l@b|@q~AnwAwOp~Ab{@xnDs`A~zAcZdyAngAf{B~jAbwLt|CzzGwyAdbEd[j_SwbAxEetC`iCmcBpfA{zEnwCuhC|iBuwBhcJytHfpEc|AfyDf[fwM_Gv}JeWd}CkbA`qE_RnsGemHxyF{bF|jDurCndAg@htBvk@b|N`iTpaJbrHxgLriRrsEnbGboL~iAbuFd`GngCrl@t_Mj|OvbC~hGfzM`c@~tMfl@xaGfoA`f@flB|vFlvFr~ArsGfrCtmAznAjz@bwCtaBzfTvkN`hHtaBxbAvw@v}CflG~gFjgEp~Lr`RpfL~dLviMvwMtzJbgKvyMlbEzmD_It{FftFb_T`sIt~EvxG|nC~`Cp`ERxmOh}CzhZ{w@zxMoxCfdDwnAzyJ{MbfBaGtnBvcBpuCjhClfH~jGtpVqFtiYns@z`^nMbwTjMf{Bp`A~bEqfDthEosEbfAktDvwCt{AhkB_UbrB`v@xoD_lBxoFeWn~Be{@riI}qCtxAyo@tlAri@tcDtvA|kEbzDp}G{QvkB}Wz~D~sAdgF~rBjkJ{pBd}F|ZdvBoN|~FmR~|CntC~sFbnCjpBbtF`eBx}A|cDXraDjq@r{Fka@|~Cr_Cx|EteEdlHxyA`_EltC~sB|uC|uMjrGzjDmlDlfAylF|jC}rBtrOidKloRqhFbzFcuAnkHsqC`yKmmJjuDodBb|CpS~yB`aAlzL~hC~oH~lEnsHrkCh`GbpFf|CniBjsAd@rbLtcFzbKfmDfyCub@`oH`XpiE~`AzmLwzB|aCrUpdPpcFxpFbxAd`I~yApoKs|Ah{KrjB~lG{VzdCye@n}FpxAb}DmTlhIyoAtvHpQjeFnpBvcKlQ`qI_PbuJbmEriGd|@joS_Kd{U{Kps[yjF`_r@gcMtsSdrE|wHi@dzDudB|oHmzKthJkvOxu@_{XbvAmhFfiAq}A,1167,1155,[21:05],[21:05],[21:05],[21:05],[21:05],[21:05],[21:05],[14:45],[14:45],[14:45],[14:45],[14:45],[14:45],[14:45]
Coast Starlight,"Seattle - King Street Station, WA","Los Angeles - Union Station, CA",gqoaHnrsiVdcI}lBduLkvJ|zSomAhc_@rqBaiLnue@ykCntKt_InrEh|Qr~KtpHpuJxzExmAn}NlrVp|FfmFftNxs@zoLjrCzuIppJpkM|iDldOqdK`fMpwCdpNzcEj{MeeEvqUksG`cLjjCx|OgkGbsMokCfjKojLv}RywDxaJwd@l|Pq_FpjKy{BfgFhaD~bJqiF|x@i{@~bNgdEbwC_uJbpEvEdfFjbFrdDzyGdoG`e@ffMnaTtsf@hvi@bxL~gF|xH}zFb`H_lEppSem@rxBfeK~_O~mOlkg@h_BtnSpT~gLd~Iv_MbdEflRgxHzrDwiJd|As`UroEysKn}IikFrlGkqHiBqcN~aM}`WzsJiwR~aDgyFl@eoI|uBiZ`MwuKxdHqsWrdDsJkuCdtGaeAnvFxxC}kIxyGuvTjzB_rOlhF{yIv`BccH`uCnd@niD_rC`{JsvBv|FurL`{F}wHpuGtTxrXqkEljaAjpFzj]jBlxVxbJtuVcr@lrCiaDnpLasAjmLopAtaCulAzyLs|Dpnb@jsUxdCntDvp]ttO|yZysBbjDikCuBd~LboBdzTnuCtiHpmL{x@~}HpiUvwVdoNjqEwyDvfD_mErqDbBrnEwmHagBx~EvjAomChbG}p@nhKnyBrjHnqGrcMdsJ|hJ`zEbfEfMztCweFtoIc_AvjFcjIxpIghAvyKvaFdrEzhFtfKmb@nvSs_AfgP{zWphRfcNzuHicB~bGeeHx|WwfOtrLg~Mh}UmdKdj\_sVbbG}sNdnk@qnRlgt@quRpmOohHlfO}nGxhn@}`H~~g@olEdsAdqE|fG~kl@|{r@vyn@`vSlaRpfW`lHpwClFcg@r}F}oD`xLzjH`vLn`AtqGh`Lc`@`bSmiJ~xD?ruAiaHbwM_oKr_XqcVteSchPpuSamDzsEigFvoRe_YxwZm|]fv]ykLpiFxkA~@ngG|y@hmJyHhkOttC`BloEcg@`sNhVrjXyq]~oa@ecj@fdLyrVdyOiiPplLubDz_IyvLjqXiyZj`b@iyTtaFa}Id|HefEnnOg_Djz\lkBhmKs_LvtOqjFnsJb{DwGdfEtaA~pBx_GihExfNefF|fQns@bfYgcJzyI{XbcHioH~kGxkDuYdqHnaLpxBpsQ{_@rqQ|uE~oH}fVd|G_tFp{DwoKalB_rUv~@mfk@noCwi}@fgEkyg@nuOof_@b{Mwlc@njGgtBj[kuNmiMmi\_jBm`Xn{Ba}Wi]_~ObtE_bCzbAywIj`DwpXnkFqpTzbSgmI~YjX,2125,2042,[12:35],[12:35],[12:35],[12:35],[12:35],[12:35],[12:35],[13:10],[13:10],[13:10],[13:10],[13:10],[13:10],[13:10]
Crescent,"New York - Penn Station, NY","New Orleans, LA",q`vwFj`sbMsqBttKddCpnI~tB~dJvdWndTtzPv|ZfkYxbW`o]f~f@~{LjxIfeJn|R~fOzd_@jhEhiVhsDgc@zkEzgJlfQpy`@d}K`tMxyB~sJbdOjbl@b_HdoJhFzvLnjEf_PduCziRp~Rh}VpaJhiWpfKt~VraEzrPuv@nyIrdBnyGn_FrhEz}`@||BjhRvtUhsKn}UtdAtmJhjCxn@~oCrhFntIj}AjcBnly@d_At|K`a}@hemBx``@vzPnuGvbDnvDfzPr{EjyIr}AjdOdwLbgQzmJtsHz~DzaOhga@`q`@fzQ|rOxuWpd`@jnUp{ZdsInfE|}G_pAn}NlcHtvTvdQvmQhCddIzhJtkXbkCpwHjjDnxJvI~aWekC~jRe`@xfBd}B~uDbvK~lHptBvaDnaFzlJ|yP~_FznHxmHZvoKuZjlDrvFz{VzxOnnGzg@b|@pkHr{KvoRvaQ`xVlnNfrc@|vOhlRfsHz~OrqVhe]lkIx~DzfGdy@p}Si}DhzH~sNbq@vmHzrGvhG~lDhaO_I~v`@ooAz|KowCtgMteAl~Gg}CdfJvs@rwHjqKl`LdaOdhVnqI`|WnmEziMjtCrfGi@twIviIxtShgA|bT}XdvRltCb{FjuE`cf@bxHbnLhiDncYuT`{NhoHjuKrmFh~I|rHjwNmtBldLprChrFrwA~nRleDd{WvxLfwd@dzGjxTbpPd~XbqIpmJ~lGfcUnqMvkJxjSjpUv`U~aVdpTzpZjjR|v[pgFvlCbrBvpH_{GpyOvuCf|WddMbr\tZxrTwf@dxNaoAb{HhdCj{KjjCnjLioAnvHgyBbwTvqAzdT~aDd~MfzHf}LkzApaK|`B|wKjiEzaPsxFj{GftHxqa@yTzcXraClgPzoAjof@rsDfeRoz@taL~jFnxa@jaE~~JfzMpaPx}Yv~Wr~N~kUtiDfca@{iFbs\fsD~yIfcQx{AdaIxwCbzZxdXt_Hdf[j`LfuVhfDxoAn{J_|FxlGqxPrkFkqHdqNaUjk@ovBpnCwpPn|Ju{mAgAopMhnUpmTxbIb`^dXvjV{vDvch@z}I~bb@jbE~fIqlBfoQlIrl\etI~fS}_BlgMkIvsLonE~lRalEtsCbcDz`GtgRz|FtfFjwErpIdsGtaSbbFveUlzHxvOzzLzzLvmIt{LblKrbVj`SxsFbaEr|LdyB~gQi|@lsIhdDxuJ~_L`hS~dHljZpiF|d\vbO`vd@dmSptx@voTbfs@~o_@reMzaRdzFjpFzb@t_JhrFw}@fv@eoA,1817,1786,[14:15],[14:15],[14:15],[14:15],[14:15],[14:15],[14:15],[8:00],[8:00],[8:00],[8:00],[8:00],[8:00],[8:00]
Downeaster,"Brunswick, ME","Boston - North Station Maine Service, MA",in_kGlc`jL`EhiAnAbxGbBng@bUb|@p[nq@ta@lf@bQtb@hT~S|f@nRh`@li@dNv`@rJhl@`L`Yfx@ll@rg@v^rH`LvKtw@bKn{@n[lu@dTfc@bf@pf@xHbUhMby@ng@xqAxlAv|Cxk@jbBniAz}BjvB|vCt}@ps@dk@~c@nn@nh@jRvXh_@~h@l{@no@tg@pSbtAtf@`QNrN{EfvA{m@n[uOnDqFfHmKfGwBtUyElq@aOhYVpl@}@|g@gXri@_F{b@xeAjBrBlIiSjFuM|AcVxGkM|I}BfL}@rFpDnI~b@pFjXvP|V~kAtQfy@dNbvA|P|\jF~QnI`p@vq@tt@zy@vfAdiA|sHbuFnp@zj@~Mfc@h_@rgFnIzj@fQlo@tEfe@w@f\S|bAbUjv@tYzb@`pBrpB`[rIfeA{Clf@eB`fA|FfpAtLxp@lTdeAxx@`qBfcBvqAngAv`DhlCzc@p`@x[ra@boArcCnHvVzMjpBp]j|FMxyAD~tCvs@xiEtHzYxZba@zp@|t@~nA`nBlyArqB~uBt`D~g@lm@xFhKt^vlA`k@huBn\lg@~uAvaA~YbVlOdSxPvj@tf@~gAv~Ar}Cd`@vt@j\dZneAfZrs@pNjjCva@ff@nDbxAyGdv@bVnZ|IzOe@|n@iK~[{RpTyHlfAkOxZuCfi@|Apv@bC~b@~ItNhChcAsEboBza@vi@fQz}@rr@jtArkAlqBz|BzWvSfb@xJb[n\n`@xS|t@bb@nb@fh@hUl_@n\l`@p_@lb@laB~tBryBrmBzlCn~BrlAdqAhn@bs@lN~YjOfOpUjB~YmAdg@sBpYoFrYyRnUeTxi@e`AttAqn@t_@iEnNRdN|Gfa@hq@tg@h|@hOdP`_Ap\x^fNh[j\dfArkAxRbExj@iIfNhBnNdK|N`VvIz~@pEn|@nOjTxSg@v|BmdBl`@sOxP}@zNlB`{@vTtwAl_Atc@|TtQxBb^uC|WqArYtEfj@xO`w@zHfaBdQbfClTxiAhRn`@rEf`@sc@lm@ey@hj@aq@p~@ik@pqA}k@p]sMda@eKvQB~ZqHr]{Z~KcD`TMddAzb@dz@pUvq@nRzRnFrWzTnP`Hza@sA|W_Trd@qm@tWc]`\wb@~Xw^fYeTrn@kb@pb@g[nTai@bIiUdN}QdXgWlKiYWeQpB}Rb]ed@lR}XjI}MlKqKm@kGxDqDtNyMbZyAnNvHdNbOrHbCzOxGfDv@pH|UUjg@r@vI`d@|l@~{@nhAfXjPpa@vOtYzSfDMrE}EtDsCpBvAFjC,200,195,"[5:20,7:30,11:05,14:25,17:25]","[5:20,7:30,11:05,14:25,17:25]","[5:20,7:30,11:05,14:25,17:25]","[5:20,7:30,11:05,14:25,17:25]","[5:20,7:30,11:05,14:25,17:25]","[6:20,7:30,11:20,15:30,18:05]","[6:20,7:30,11:20,15:30,18:05]","[9:05,13:05,17:00,18:15,20:30]","[9:05,13:05,17:00,18:15,20:30]","[9:05,13:05,17:00,18:15,20:30]","[9:05,13:05,17:00,18:15,20:30]","[9:05,13:05,17:00,18:15,22:30]","[9:45,12:10,16:45,19:35,22:30]","[9:45,12:10,16:45,19:35,22:30]"
Empire Builder,"Chicago - Union Station, IL","Seattle - King Street Station, WA",wlr~Fna|uO_zLvwRall@`hUume@hfJ}aZ`^ai}@n}@epe@oWo|Dfz`@iwEldz@mfKj{m@}`Y|le@c|Sdlq@yc]r{pAw~Kb{q@c}[zin@c~`@~q}@e|Htpx@hdSxe`AjtDxqc@tbEbmSylE`kI{sWloY}{Hzqc@ikWvud@o|FdhQmeO|cL_cUn}PacChk^eaRju_@}}F`wYolV`xc@y~Qfq\kiZj{XmwCj{F_YpiCnq@hcMyuHfjPazPpwD{}UlnQkyLnz^}cZfkhAqq^xeo@cfHlqHs}Sc_@}~q@rfa@wgY`sa@_dX`iZihQn}P{vX|{`BoyR~{q@keSviXyxHr`FuqPvmZuhAnvH{uCl{LcrDd_SwIvel@nlFniE_vCvoX{~Al|bA}rbAduc@_qtAjgTi~]p@w`PtlG`aAronA_sGrwc@awJzro@ujD`ubAszDv}w@_~SvbgAqaRr~g@eyAbzg@wiI|uq@cmDdxy@|lKbd|Br|Kjh_Cxh@zaVabF~ue@c~Mzjv@rs@~bWdjDx{qAoyM|_hAtCxyu@tfR|kj@nOh`ShoQldTtmKdbc@~yOdia@`sFli\kiFblLyrIbcQuzGfrA_mB`uGv[j|i@to@faZ}}@jsv@hcH~iy@g}@`nt@l}JtmrA_sApgf@gaHfrd@aeNjobAiwa@j_cAacSdkvA|sRtsv@nl@bdw@g|TbglBoqUds_C~wFrdxAsiAhoXlV`}lBfVpceAzKhlWntG|h\zpGpyl@mHp{`@siDrkrAqlZhamBb}JxuzAjnEpb`@dnZb}h@rxXzhf@|~ClxVgeWnoRurTfe`@ciBvzTzkKd~Qv}FphFntAx{SmqNdnd@ieDjwVosTx{W_qOj~\h`GphUzcGvlHz``@w|DdcF|z@dxDvgMb}NfoL|qG|nc@uxSvfHowHxe[T|tOgbIfrVwYloUf_AraOsvJvjLw`RrfOciNtsPobGngGj~AhaN~iDzyUxoHfuGnpJ`z@vnO|eLr_l@rfK|up@zf^h|MdqEdgPdtYljSbjg@|~Md|iAcrE~oP`j[h}{@zfFf_d@yoDdzTxtF|qRvmXhp_@jiDvxn@m`O~aqA}@ftp@hiRlvi@bkL~_c@~Gvxi@o}BxsAheFxyEjP~uHqwKxrDmpIj|@qsBjqLyzKrx\wqLdkUskEdtUahRrcSayNmu@eL~`NcrH|kI{|BppSxtIb|k@vaChi[mkDn|a@ueSlfn@yxAfel@}jRhex@cPzbNj~GdoHd~XtbM~dJykBh}Il{Cl{KazL,2050,1995,[15:15],[15:15],[15:15],[15:15],[15:15],[15:15],[15:15],[19:40],[19:40],[19:40],[19:40],[19:40],[19:40],[19:40]
Empire Service,"Niagara Falls, NY","New York - Penn Station, NY",}{bfGnnoaNis@i_J{j@ulG~IuoBz_@u~@bjBeb@~j@@rlDeSbtBsrD`aBu{@jiAg_A|w@jEtGd~@psAlWjnHdaA`}E`b@daAkCxjAgfArbAo|AgGobDqg@{}A}bAs}Cy^}~Eij@{uJwbDqfb@}kI{mz@b^i|FoZoyCqeBanD}|DinEer@c|BaiJsee@dDu}Boi@_dCyf@icKsxDq`O_s@wvGc\ceDsr@yzBwPy|@j^ikApnBuzFzj@k{Ax`B_jCp}@g}EddAynFbn@asBjdBqbIoIugHol@wjC_Yc|CxJ{uC|`ButBhi@krC_Tw}AqeA_eA}e@ytBfJ_rB~y@weBvnAilDlo@smBai@{fD`_@o{L_QadBow@{y@cq@af@mfAiiI|q@{tDdkAysBnB}bOj_AcdFp@g{EjUemL`K_cFqhBumJ}uAihPwZm{KbCctG|@kyBbq@}sJf|Au}I{BicA{w@ks@y`Ae}@ii@alC`FigB`aA{dCfgAefC{H}tEe{AetXnj@qfZc\kkHsoCmcJwaBwkJkfA}rCkmB}cBmsDyqGo}BiiGuQeiFjXolG|iA_gGlvD{hGzxCieD~pBgqFfwAwmKh|CkzN`|DydIx`BwnB|z@ejDyQwwD_k@e~CxMmvB~EclHq}AoaDeV_lAvVskAll@qvDljA{zCxiB{}Inv@e_MrvEo`EdbEeeBbmBsvDj_@yrFrp@elCoGmfCuWwlE}|DetG_|B_pF{Hk~BlcBavJomBexEyCgwEdn@gkC~bB{pCdsAo|GlzEwtQzfDo{EdhC{_JpmBgsA|q@nu@be@|Whu@jJt_Bg`EveGgtH|~G{vJzq@gkEn}@ioB|Pa_Ah}@sn@j_@aVbx@iQ|_Cv_@p`I`Hj|Elc@z{DrjA~bG`l@t`Gd@tmEvaApaEvGhsBeaAnxCv@xfCmTnzDziBtbBjmB~rApmChdEvzBj|CbhAnbCf}CnyHbyDhcNddAl~Ftk@neGxhA|gB|ChfAjj@xvAjRtoAu{@p_DkqB|kAUb_A~g@dcFlw@lrEb\hhCcgAtyCpAheErKpzIba@zhD~EjbDvMp|Bxl@~lCb{B`bFb~@nxIiGhpGgiEztAco@ze@~KbiBbm@pkDzb@bfBjiB~v@pWzf@cb@l{@meAtaBalEveBho@fzCeaBxz@v_@`u@gI|tCqwE|sCgrAvkA{d@xnCiSfaCkCrtErJjlB_U~gB|X~eDbh@fwFzq@~zFv{AtgD~l@ljIjyC|aEnhBblH~mEbhEfpBfTzDnRgf@,558,576,"[3:27, 6:22, 14:34]","[3:27, 6:22]","[3:27, 6:22]","[3:27, 6:22]","[3:27, 6:22]","[3:27, 6:22]","[6:22, 14:34]","[10:20, 13:20]","[10:20, 13:20]","[10:20, 13:20]","[10:20, 13:20]","[10:20, 13:20]","[10:20, 13:20]","[10:20, 13:20]"
Empire Service,"New York - Penn Station, NY","Albany, NY",q`vwFj`sbMcBCwFzQyBlHgItW}Ek@iEuJqQcXm]wVu[sKk^cFqOgE_f@cTa|@id@qmAgz@ov@qa@}h@cb@qg@me@mNsJch@cK}VcJgSgHiQR}VgDadAat@sx@gb@{f@wTqO_Qcd@sRueAe[}|Bwk@mr@w^uy@{FyUiMgNuFkW?em@aFm\wJ}e@y[slAiUus@gPcy@_GcmAoH{l@yUalByQclAqWei@gLup@cCmjBaZuTuAsUxGqVnKon@bHmfAiDeVmDoZ~@gk@Yee@_Cca@a@_`@oFgYbGgd@|Dw|A~Cap@zQaiAnd@wmAde@ap@n]uQpNqd@px@cYry@ok@jk@si@t{@gMfIyORgK}EyKqPgMoQ_QyEaMnB}K`Ji\pZwk@|Tqs@t^eO|FeXpBsXyDgXoOsQyUgOeDeLbDsK~P_HhSgNdaA_Kfa@wPpTkRdo@iNjRgQ|Kg_@|f@_SdRcVjDk]aNsh@ik@mk@}t@_o@sXul@aFkz@mAiw@eWgTeRkp@aQyVuAyP}G{S_EoU~Gej@~QcNjJg^v`@mVfX_d@vYktArs@eu@nm@mg@tUa]dIy]xC}[}@{cBePom@cEamAdQslAhGc[a@iR}Cmj@ePyQ_FyVoOiq@_Pch@{Qy[_UqWi[gYk\ox@gq@_`@wR_VcEcw@pAs^yHm\sJahA|@u`@rKep@tGcn@mFei@oMe~@eCgn@qKeo@zDyY{Aw~@aO}g@qNiTQ_d@jH}Oc@qV}D{R^}_@l@}|@kCyb@G{e@mHkaBpA_\Ek\tFokAjx@}S`Ggl@cBq_AwBg`AsOayAwF_l@mBipAgNmi@mR_x@ii@gRaJsd@eKmeAnJc[tEic@t[{}Bp}BcUhIeh@qAum@qKsPkH{i@_Zah@uTkj@mAgu@lIuf@}Eeh@cLic@aH_l@_TigBo^eu@qHij@wQmpD{K{iCaG_m@e@y}@qNseBqP_}@mR_s@qJ{qA{u@ikAyu@{l@oNgn@aRamAabAa|@szAuqAqlAuPkIe[mDym@aHqg@}Mom@oWer@_e@oz@ke@a[gWwj@or@kKq]mWckA}JcPkQuEi\k\uh@uc@m|DeiB_NcA_a@lGa`BnWwvAiMc`@tCqZdLak@lh@yThHabAlJauBbA{jAmX}rBel@er@wJma@w@gpCPakCiDgkCcWaeB_YkaBic@ulAqg@iu@yPsh@eBczAcDau@zEslBbN}q@cFk}Ci_@cw@cMgDeEkA`Hs@vFpErE`@nAwCeDoCMmEx[qCfCuH{CsAdD~AbAaBfI?D,145,145,"[11:20,14:20,15:15,16:40,17:47,19:15,20:55,22:45]","[11:20,14:20,15:15,16:40,17:47,19:15,20:55,22:45]","[11:20,14:20,15:15,16:40,17:47,19:15,20:55,22:45]","[11:20,14:20,15:15,16:40,17:47,19:15,20:55,22:45]","[11:20,14:20,15:15,16:40,17:47,19:15,20:55,22:45]","[11:20,15:15,17:15,21:15,23:35,19:15]","[11:20,15:15,17:15,21:15,23:35,19:15]","[5:05,5:55,6:55,8:20,11:05,12:05,13:05,15:10,16:05]","[5:05,5:55,6:55,8:20,11:05,12:05,13:05,15:10,16:05]","[5:05,5:55,6:55,8:20,11:05,12:05,13:05,15:10,16:05]","[5:05,5:55,6:55,8:20,11:05,12:05,15:10,16:05]","[5:05,5:55,6:55,8:20,11:05,12:05,15:10,16:05]","[6:10,7:10,8:10,12:05,14:10,16:05]","[6:10,8:10,10:05,12:05,13:05,14:10,16:05,20:15]"
Heartland Flyer,"Oklahoma City, OK","Fort Worth, TX",o~{fEtb`qQeJeAkD_AyFqP_NmNkR~As]xJyUjRusBppAugAdo@orApJi_Az`@c_@pOeVfCovAjJcv@~EakB~NojF}Fm}CwDmTW}e@qGm|@uTyUkFqaA}@c_AwE{ZViq@tA_oB~@{dAkEo`@eOuoBidCsUcr@}AifA_Mag@_VsTc^uKk{@mOemA~@soB_N}mDqV_hCj@omBqBmpBeNsTiEmXsOecAceAaqA_fAe|B_sAs{@}e@egAeTwjCchAmhBo}BmcBy|Cge@k{@qPoPebE~FibDlH{Tb@kr@mGo`Egj@snEym@aSw@ej@tIs|Bb_@q|@bHaeBpLaT{@uhDenA}yC{hAgm@oGk\\w@}z@lIu_Ag@c`A[_kA|@s]tEiiA`P}p@`X{v@n`@cdC~nAqSnCycAsHqmANov@qAqw@SaR`@sRaM}\\yWwSmFuoAnMgOrB_VkC}l@ib@sb@cRgN}PaM{Daq@pEwpA{W_rFmkAanDcv@w`Nsj@ilAqCub@bGcj@JcuEw_Aya@{FmUdAcSbGca@x[c`Ar_Aq~Av_Asm@hL}bApRkg@hCcyBtJi~D~Q_jC{SikByUmnAox@yb@kT{e@o`@}\\gUee@ge@ok@mY{a@k\\}V{KiKkEsJgPwH_W{KoJya@_Lsm@qd@qS{f@a\\uSoe@kLwVgLiU}XsWkBo`@Twu@yKwIsG}Pgh@mMqv@oF}YqJcHaOYwb@`KgnA~^}j@~Pub@jFuO_Fk\\kYoa@zB_O}OyCmMsMkKa`@pJi[jOgPb@kFsCaRgc@iQyTaMzCcJ|NeR`@eTcEsz@iBsQYyy@td@inAxrAeb@jb@yt@px@iz@tq@_j@vzAaw@rb@sgAnf@e`@_DyXbHuh@dOu`@pXuz@|EmbB~l@qbAl_@kjIh~CqgD~nA}gFnk@cnEff@_gArQymAtr@yhAt^e`C~i@{jAzWc`@|O}x@f~@}_AxhAis@d`A}OtZwX`^sNbIoVjF_i@cB_t@_E}[nEgxC~c@ud@hAckAUy|@wCks@lIqXrMyPdMuJtUmF`U_GlZsy@fu@o_@qA{y@r\\_w@`P{m@hJuWfQel@pkAew@t_B}Rl_@ySpQktCp}BqTnRyb@jCiv@nHe\\r[yRxFehAyDw|AmEizB{Ege@xOu`AvFyfBvn@wtCjlA{mBfx@}X`G_kAoCku@TmhAvk@}rC`bAaqAne@ay@lc@ihBvaAsbE`{Bo|Ep`CquBn`Aed@nGe|@GsnBpFolEl@}cD[afB~C{cF~eCgz@tb@ec@~Ba_BoBwPf@,242,242,[9:25],[9:25],[9:25],[9:25],[9:25],[9:25],[9:25],[18:25],[18:25],[18:25],[18:25],[18:25],[18:25],[18:25]
Hiawatha,"Chicago - Union Station, IL","Milwaukee, WI",wlr~Fna|uOiBWoGDgIAwLgAiCBgBMiABeAZeAn@{CfBq@l@Yj@Qz@MtGDh[EnD[`G}@rME|BJ`Q@pMOfL[bMFnn@d@dqADjL?n@IpDUbFIjAAf@iAxD_GfSuWv}@eEzLaDhI{DlIwFrKeDxFmIvL{E~FsEbFmFhFeCvBmJjHwGdEuEnCoKdFe[nMaDxAmCz@wL`Fsf@pSePxG}S|Iuk@dVgAf@sNzFeFtBai@zT{W`LwOhGm[zM_I~C_FxBaw@~[wQvHm|@x^oeAtc@g|@v^cmArg@}]bOaoAph@iZdMarAjj@{[xMu[`NaQjH_FtBwMnFcP~GkOrGq[vMiLfEwrAla@aSfG_|@|Wmj@vPoFbBmHdC}LvD_QjFee@tNaYtIgPdFaLnEmFjCyVvM_m@r[kLjGk^rRaZhOmElB}FpBkQtE{WvGez@pSeGbBeH|BokApc@{XrK_@DCD{i@pSasBrv@{sAtg@{HtCmiArb@_R~GmIzBs{B~a@yVvEyKlBu[hGkDh@qD^mHb@al@dD{gAvG{Kv@qeAdGckBvKae@nCmn@pDoIp@oI`AuTrC{`@bFuOrBiJhAqq@xIy[bEkLzB{Ct@oMrEuj@dWkbApe@iR`JcFvBeC|@gDz@cEv@oEf@wETuYIex@c@yA@uLKgKIaz@e@aJEgF?eDLgEV_ZlCqr@xGq^jDcF\_DHyDE_Im@wEy@aEgAiDmAyFkC}iAwl@oj@gYsFoB_GuAgDe@aDWkFMw^Zuy@t@g\ZkZP{He@}Es@yEiAag@sQoLsE_y@c[cNiFmIwCqIsBwHiAgF_@eFQwp@BsqBRkOHuUBsh@Bqh@D}eBLonBTwwBXmW@yl@FunALgxC\e|ARk^p@cHR_F`@}Fx@qOjCe\zFce@zHcwBdY__A|Lo}@vLmk@xHkZzDcvA~QqHp@iH^}`@fBstAfGwh@|BsK\}MGeW_Au[iAkQs@g_@wAux@}Cy~@kDgqBuHkPg@yRQq^]mABm@PsAn@k@LeMLkEGwBG{BFoNh@{Z~@u@MeBQyIXwGh@sGRgJRcp@`C_Tx@g[z@s@EoW`AuaAbDyw@nCwa@vAc\bA}B?gEk@eDcAuCuAeBeAcEgDw_@w^wEoEaOuNuGwFaD{BkEgCsH{C{QcHoJqDgQmGgBc@}Be@qD]oDMiLG{DAcQM_VOkk@g@iPCoDF}P~AoQlAw@Rm@ZiAjAgBtCaAz@]NyDr@{Df@w@BoLVeAXwA`Ai@x@Uz@Kp@K|HBfMmB@,89,89,"[7:10,9:25,11:20,14:05,16:15,18:08,21:05]","[7:10,9:25,11:20,14:05,16:15,18:08,21:05]","[7:10,9:25,11:20,14:05,16:15,18:08,21:05]","[7:10,9:25,11:20,14:05,16:15,18:08,21:05]","[7:10,9:25,11:20,14:05,16:15,18:08,21:05]","[9:25,11:20,14:05,16:15,18:08,21:05,00:10]","[9:25,11:20,14:05,16:15,18:08,21:05]","[7:15,9:05,12:00,14:00,16:00,18:45,20:35]","[7:15,9:05,12:00,14:00,16:00,18:45,20:35]","[7:15,9:05,12:00,14:00,16:00,18:45,20:35]","[7:15,9:05,12:00,14:00,16:00,18:45,20:35]","[7:15,9:05,12:00,14:00,16:00,18:45,20:35]","[9:05,12:00,14:00,16:00,18:45,20:35,23:40]","[9:05,12:00,14:00,16:00,18:45,20:35]"
Illinois Service,"Chicago - Union Station, IL","St. Louis, MO",wlr~Fna|uOb@oCjAGpLAv`@sEp}@wChWX|Q`CrUjRzHpY`Ovc@pJl^fTnk@v[ho@xZli@rRd_@tI~Y~AveCbDng@xx@lwDftBbrJxOff@lUp]~dAx_Ary@xt@n_A`z@bd@|`@tZn\rNjW~h@l`AvOhYb]jg@jeAxjAbHjQf^l_Bvf@hmAjd@|fAbObUlOvQfQvSnWlf@hdAzaE`b@pwBvPbbBfpAhoDhK~KjPzHlxAhHjcDpM||@|Dfd@bM~o@`Vxw@n\bi@`YnfA|XbdB``@~v@vMrx@g@rlAhCtc@j@pMhFlZhVz[zRpNj@pUeCty@lLpyEhu@vsD|k@xwAbUnQ~Gz\vUh|AffAfm@hb@~[rNjvHjr@tOjB|NhHfMhQbQ|l@b|GriJbeN`dRd{IrtLdjF`fHngA|yAtlCnpD|w@xeA|vAfqAhwDhkD~cAd_AlaMzbLlzD|lD~L~Kxn@~]thB`aAzgQjkJ|iOfcIr|DxsBvhAhn@d_@fb@nv@t`A|fBjtCptAbzBrfAdfBl}B`{D~z@~{ApbGzoKxs@~oAb`@|z@zVb]~e@fXtQxIz]hKnb@~XdkB|~@b}Atu@jfCvnAl|@|bAt`FneGluFn~GfcEhdF`vHbjJhiAl`CfS`SfX`Q`{@tj@v_AvgAlyEv|Fb`A|jAvoDdlE~x@dbAdmAnvBniJzsHb|AjmAlnCtxBrgApaAptKjoKhlJvbI~c@|_@rd@zQvvC`E~^xM~rApkAtlBzaBz{@fv@jTfKbSfBl~@v@tyApAtu@h@~b@fHbz@vVxdAte@zdJxdEnkI~~CdyFdzBvq@zUrdMfeB`eIlgAnhBrV|YbHjn@b[zpBjlAxpBplA|kFlaDtxKnxGf_GhnDfUhUxKvTn[d{@~QlXrRlJj^vLd|@ps@zTfX|Tdt@d[|b@lc@vVh{@~Jr`@bEfUnJru@h`@bm@pNrf@l[dNjOzIjU|e@`dBtV`}@hVxu@pUpW|kC~nBj[l[xeGz|IzzF|xGzq@r|@zP~Kn\dJnbApQh`Bxu@feAhg@ll@|PvaAnQhl@tKnPW|KsFn\a\~`@uq@`RmP|i@s\`VwIlRqOxs@gtAp|@k`Al`@it@l]{c@fe@cXx}@}^vmF}wBnV{Hlx@aJbgFwi@`uAtFdk@rFnT~IjR|PjvDhfEneElvEvJdI`Mh@ddAKfq@bLdLhJlD`BjQwAjWq@n`@qGlN_IhkA~Ufq@sDrIjB~GkAlR_DlRtCj\bLfa@x]bk@ff@dErM}Lzy@aKfb@oOfUyQ~h@gD?,320,325,"[8:00,10:25,18:15,20:00]","[8:00,10:25,18:15,20:00]","[8:00,10:25,18:15,20:00]","[8:00,10:25,18:15,20:00]","[8:00,10:25,18:15,20:00]","[8:00,10:25,18:15,20:00]","[8:00,10:25,18:15,20:00]","[5:35,7:40,16:00,18:30]","[5:35,7:40,16:00,18:30]","[5:35,7:40,16:00,18:30]","[5:35,7:40,16:00,18:30]","[5:35,7:40,16:00,18:30]","[5:35,7:40,16:00,18:30]","[5:35,7:40,16:00,18:30]"
Missouri River Runner,"St. Louis, MO","Kansas City, MO",kxvjFp{peP}Qph@zMjPcHdmA{RlaB`V~g@lS~}ACdkCjg@reB|`@tiAna@ho@b@`s@kRx|@zQvi@bq@~b@lNjk@dH|l@ts@l]zg@hv@rQhlAqb@nvAhRfu@mI~lAxj@h}C~l@fwBbc@djAni@bg@p_@jpAkEdbC|Q~pFzn@|gCno@hiBzSdm@rr@p\du@nF|e@nZOtpCmB`iFp]xm@poAzjAvd@xz@_UfeBxOdqB~PbdHg`AbnC{e@fjB_e@x]}u@fUm~@tk@wYnbCw]`v@aN~n@cOp_Ieo@v{EwhAxsCapAhaDerCdiE}}@jfAwNbfAxZ~wErMr|Cuf@phCo^lvDodBjcI_yAdpEqcAx{BuoBpxCyqAhzBw|A~nDqbA~fEeGviCcBbsAn[`xDz_AhnEh}AdqGzr@rhA{Axi@ka@pd@cCh|A|BtkFiExmCoJtiMg@voF~Pt`Djw@jyFrgAvgEjyAnwDb_BrlC`oEfsGx_BxeCbwAvuCzbAbmCiGdwAqAjz@fVjd@dPzlD}k@jvBk_AnbF{{AtcGyWnb@onAj{BmbBvbC}N|}@l@fn@w\f|Bg]drA|o@zaCsH~bAdd@hnBaUpoBkm@thDhXraBnHl~BkUjvAsl@lnA{A`aAkRv_@kAjRbb@~p@fq@~Rn\|}At\`mB{OfiBcRdnA{}@b\yXji@g@~dDyZbkDyl@~|@yf@ztDul@pv@_QvcAtHnm@gK|z@yb@zmBlObjAaO~fAfc@jmDvWjnCcU|nCui@vsGwt@tdFpN~qCqS~n@gP~`AieAnxA_Dzd@qV~~@{xApwFvXvjAhn@`iDxj@rfChTdnAkGziAhDrmE`@f_CcSjoBqj@n~AsUxrGi_@tn@un@thEaVrdCwy@jtEak@dcBuf@jy@eo@b^al@z`BgAhbDikCjcK~MdeOySbnBnl@dsDrHlmDmh@rwEuUbaClK~s@ne@~yAlMpzBvY~uFfB|_Gjh@~aCza@beBsS~qA~_@lxBdStbEr@jyCl}@dcC|i@lr@tYjgBrp@z`F~PzvA_Tjy@uzAr|EirAf{HyaAfmCsVloFyX|rIqc@`yBku@hfImTnpAqgArjAsnDpxBoeBzxCi}A|qAapB~lAcl@ff@y|Atr@w|BvnAqn@fk@ym@~Qmv@`[}zBfr@kzAbr@if@p[_cA}@mcDq@q{A`l@mm@|NwnAqH{k@mYsz@kJ}~Ald@_e@rz@sFns@mb@vkAku@|p@uY~E{Fvc@gb@jyArYtgCbhBn|FlYbrC|FprA^rOtLnP,340,340,"[10:15,17:00]","[10:15,17:00]","[10:15,17:00]","[10:15,17:00]","[10:15,17:00]","[10:15,17:00]","[10:15,17:00]","[9:15,17:00]","[9:15,17:00]","[9:15,17:00]","[9:15,17:00]","[9:15,17:00]","[9:15,17:00]","[9:15,17:00]"
Keystone,"Harrisburg, PA","New York - Penn Station, NY",ytvtFbhftMvpAm}@dq@gu@zo@mgAvmBsfEjYky@t[uzAhg@_wBzM}pClHg}@nH{b@~TuU`y@gg@`q@yIpRaMhVqj@vY_z@rEa^j@}aBxf@erEnk@_cE~`@ipBvn@wo@rRe_@xDo|BfYuwAz^u|@le@maAjVgtAlQmbB`CojAF}iD`HshBjq@qgErP{cBznAqnDtLibAxSus@t`@}aAp^}c@ti@al@tRkf@~NkzAhUqtC~e@ioCjRifDwEevAqCydCjJwv@xR{`@ri@oZ~T{]tFscA`Ae_Bl\c}@zj@idA~x@mgAxPsg@vW{eGrSmrA`OmUji@y^~CsZcMyqADiXdKmPl\oDrZ{M~nAidArd@ah@n[oVhRsUjFmj@k[_pDyZ{bDy`AkmIml@_fD_TwaA}`@oeAuZuxBjC}v@_@yq@mh@wrGcUkoBmYo~BwB{wAmTskAsCod@dJw^nBoXeMqh@qf@oiBob@szB_|@u}EoP{rAeNsbBkQkeCdCah@`Ead@}JseAo`@eyB{@wg@dCokAwCccBqT{kAsLu^FwNtM_u@mBiZgMejA_Bws@tJi|@pNcbAtGadA_Ccw@lDk`A~l@_~Ah[wn@`b@{_@v^acA|]gbAzm@omAv^{~@vDsj@eLwlAnEob@bToUze@_Cbg@}RrXgf@rNei@xZ_jApi@cgClPcfAzJeSnLoLxPkOtMuE|LJ}LKqF`@mWxQiUvUuNjp@eKlMoL_@uSsXoa@et@wg@_bAqc@yhAk]yoAad@chBrA{}@bKc}ArEqp@^me@gUy\mMgc@uTiwAiQ{cA}bAydC}|@}cBkp@efBkg@adAcLw[kOcSqOkNgIsI}^s~@mhAouCmjAexB{]}|@aIm`AaUm{CqPaaBwl@aaBoWw^whAey@m}DyrEc^i_@{a@wSseAac@{eBsc@ah@iUw`@q`@sb@{n@oyBc{CyxCqsEq_BidCsuBo~CebCseDgq@w~@afB}aCkzFg~H{|AguBgc@u]sh@mWmaBgcAkdCkzAyhCk}Ask@_`@ue@gg@_hBenB_XiYul@ot@ag@ay@ev@_cBcaB{dDmPwg@gCgY_Liz@}c@afBkRuUgSiKid@{SoOiSkk@{k@_Xg`@eSwg@er@akAucB_gCudAqkAehBmqBybDykDsu@ww@e[oMoyAo~@_jAur@_jAwj@{q@a^sd@k]sk@en@}j@yj@uOoQi]et@}Js\oBca@aMshCmy@woDk{@wqCmx@sdCFc`@`u@wdCn{@ilCjE_L`C_IbGkStChB,210,210,"[5:00,5:55,6:45,7:55,9:00,10:05,12:05,15:15,16:30,17:35,18:40,21:15]","[5:00,5:55,6:45,7:55,9:00,10:05,12:05,15:15,16:30,17:35,18:40,21:15]","[5:00,5:55,6:45,7:55,9:00,10:05,12:05,15:15,16:30,17:35,18:40,21:15]","[5:00,5:55,6:45,7:55,9:00,10:05,12:05,15:15,16:30,17:35,18:40,21:15]","[5:00,5:55,6:45,7:55,9:00,10:05,12:05,15:15,16:30,17:35,18:40,21:15]","[7:20,8:20,9:30,11:20,4:05,17:05,19:05]","[7:20,8:20,9:30,11:20,4:05,17:05,19:05]","[3:25,4:40,5:30,7:17,9:30,12:05,12:54,14:11,14:44,16:03,17:10,18:35,21:10]","[3:25,4:40,5:30,7:17,9:30,12:05,12:54,14:11,14:44,16:03,17:10,18:35,21:10]","[3:25,4:40,5:30,7:17,9:30,12:05,12:54,14:11,14:44,16:03,17:10,18:35,21:10]","[3:25,4:40,5:30,7:17,9:30,12:05,12:54,14:11,14:44,16:03,17:10,18:35,21:10]","[3:25,4:40,5:30,7:17,9:30,12:05,12:54,14:11,14:44,16:03,17:10,18:35,21:10]","[3:00,7:00,9:09,13:05,15:13,17:17,19:53]","[7:00,9:09,12:05,13:05,15:13,17:17,19:53]"
Lake Shore Limited,"Chicago - Union Station, IL","Boston - South Station, MA",wlr~Fna|uOt|IiSlgEyDl`CcjCrrIsvMdeF_nIvvFsjJrpEmyQcjAm_i@htBi`g@tP_gTkzEyxTioHmmP{pD_xIbNmfHfbCyaa@rhDq|Qms@{qc@wp@_iNr`Km{Md_Dw{I|`Nal]ppGa`QbzAy~f@vaBwvm@`^kkv@grMaewAoxLoksAklEmvf@}yDk`d@ng@}_H`fLwcS`|C{`c@dxB{mW`|@u|a@x_AivRdhI{aL`}@sqOn}CikL|_GafT{bBskM_sEclKtmAw}OflFeq_@y^s|d@gp@shLm_DidCiiKmsIgcGwhRexVkpo@krKkdZivJmz_@i{Eyh^ccIonZ_nFyjTmpHwtSgpAaiJa_Fqm[}mEsfPajPsme@qyV}r~@ch^gj~@{yQeiWs_Kgk_@}gBknHqyJgxNqy^y`h@ehGmL_cExnAuxDamCswJymhAkxFiul@lUieHy`EgmH{eH_aSoaFis[woEso[inC{aSgKsuGfkIkvXzdC{bJxWqaJqw@qaHfOedHdiBooBsJy_FwaB}}DhaD{jKkKehH|Qq`OqeBi~AodAqxIvx@klD|fAe|Jtx@}mLdGw_J|^}jQ}|CkjTay@ojWljBiaYp]{qEcrAseAu}@ygH~rC{nIugBkle@dO_rVgwEy|TqaNilY_p@keQbbH}oQ||EuvHziAsuHpvF{oW~aGw_K{_@{wLmf@uaPii@{fDraFgnS`|@adN|hE_bEfpDmzA`mCgyDbuAy`OosC_{JuqEcbNnhBkoJ{jBavEnCwfI~gEcbKr{E_tSfhD{mF|sAmyFpfDujE`}BjaBhhI}{LplIk_LznBcbIhiDqnDrnFz^|gLszCp~IcsC`rHeoGraDm`Fd}Eyb@nbBsXmWkcAk}AytBq}C}qEit@yrB{TerGhd@gzDn_E_uAffCqvAb\mfEybCimCopDwvCqzEovDyv@geE}r@u~Gag@e{HiSenGf~DakC|lJm{@zkEanCznBsdFtrBuuFox@suAzlCyzA|nEc{EzrBslFhzAggGnhCmmBbaBm@vi@o}AldHaoKrgDctMdqAivEko@qoDrS_hDuvDe}FoxCksRdCykPmh@s{FbvAgyGefC}`DihFiQynAguHrMu`CctBysEttCmiKisB{hIxm@slBjgAalCbqEuwAw\alE|GmmEcgBgdBtZocDcuE}nC{jFkdKkd@cuD~eDyvAp^e~Ccm@mcCizCg}HzMu|[hb@_}FimAg`CsaAcxHmrAyoQqlGstFsnBm}Qj|@y_Kq\cuG,1320,1320,[22:30],[22:30],[22:30],[22:30],[22:30],[22:30],[22:30],[12:50],[12:50],[12:50],[12:50],[12:50],[12:50],[12:50]
Maple Leaf,"New York - Penn Station, NY","Toronto, ON",q`vwFj`sbM}Wzs@y^ee@oyAoj@scHs`EqvDevA}aH{nD{aGuaByfFslA_dL}cBifEmk@olF~QqtCkLimE|d@ywCtjAmbCfaDcvA`hBcw@sLgz@wIaiAnp@}|Adj@{q@iU{a@_[aq@rlB}qBfoDcj@pW_gAkz@m{AqnAspGqqA}cCbbAypCrgBu{BjnAs_DiMeiEjS{yAeVaeCkz@chC}`CcoBiVyfD{EubKaj@q_EkJkdH_CumCh}@{zEc[w`FmoAi~BwJi~D|`Ds~BeM}rAuo@s`B~FeaDcq@yhEyz@chLud@swEqo@e~CulBejDsdBwnCehDgdCyf@gxDc|BqoAe}Ci]yVmcGgkDaqCx]msCpB}cCd}@}`EiVqhEuy@i|GwCkaL_~BaoPqj@u|A{Vct@xXg}AnaAkxAbdEam@bfEaqBv}CudM`vO_zAnnDsuAs`Auj@ia@}_A`f@c|AriCk}AfpG{bAbaAouDv_KgjC|jLwrAhdFouBjqDiTr~C~Ir}CdcA`oC|h@`hAiPrlBmuAheGfk@jfEz_Fr`KpbAd_A`HdiB`GvtFmnAfeGaj@ryEebLtiHsz@|eAu[`gHaqA|_KupClnJsl@rgDbxBtpFcVn{Ifk@foGrKtrCs|@l`DsmEdmGm}AznE{}AdeI}yAndIsj@vzEqcCn{FsiD~cEizCbeFknAflHeL|sH|dBbsHjtDp{HpjBtqB~{@~z@bhAtwDhgF|iTz[rhIgZ|vLwVnlMfeB|`WyKb~Ei{AhbDu^`iEfs@ndC~lAt_Ave@n}@}Yh`BkqB~oMeIvaKyCd`Ijp@~nL`oCj_Tb]tuGy`@pcDuAraM}Bh|Bw{@rnJx@xdGco@`gD_q@tuAcb@zfCb|@zxDtVlnDvw@dKrw@hmBoRrwFgVpzDbZ`jBnDz{CehDlwIgJ~qB|e@xtBpeA~dA~Sv}Aii@jrCot@`m@mk@rfAyJzuCnaAvfGt@tmAlLzoGuM`z@k{Cp_LqiAv{Gqx@t_D}zA`yB}r@hqC{s@`lBc_A|xCf`AxcCxkBhgP`nDneN`TdaDjp@|tIWrsCbeEtaUp_DtvN`oBpfDt_DrgDhnA|hDqKtwGvwAncRjhBduQ~uGfau@fwAnwVvdCh|Hmd@jqDcaCloBojC}Nq|Eic@oaHm~@c\qtAycA`^qmBbmA}fCboDsiCpo@w_DfA{~Av|CveA~iMl]t|D|Fpz@qm}Ap~bBvXhJlZ{e@nWq`@n@cn@we@{g@waBcqCw^gx@iz@avBwiCy}Ef]_wE_Jcs@,741,741,[7:15],[7:15],[7:15],[7:15],[7:15],[7:15],[7:15],[8:20],[8:20],[8:20],[8:20],[8:20],[8:20],[8:20]
Michigan Services,"Chicago - Union Station, IL","Pontiac, MI",wlr~Fna|uOxq@mJp}@wCz`ABhiE_DloByHb`BnAjs@{uAbrAkrBlnD{rFjhAoeBprBylCr_AypA`l@wfAjvAqiDrnBumD`~BccDveB_pG~gAy|EzEsrFnAueIiw@wvFw\gkDoLmqFmMapB_u@aaCet@amDyiEuhPajCorHev@ay@mkAgaBeZ_`@gMsn@uT_zCuZmcAytA}lEam@mjBku@mnAgaDe_Fup@qtAoWsdAm[cvBnIumBpFodDiFu}LqH{kRhK}cEbSi|D{_@s}Bu\_dBigAguFoH{u@nJcm@`eAsnBsFwyBuZieC{o@c_AgXkbAef@y`@_Yui@_Kcp@s]cq@c{GmtGmjJkaJ}qQwdQw~GcxGoc@gd@we@s_Aoz@csBs{F_jNs}DerJccBarDesAapB{e@o|@q}AugBgzAadBurEqvIsHu_Ang@evIkVex@o}@gmA_l@ucAuDgh@x@obBrp@wbCoJc_DlCaoD{@erJmBakAqX_bAu|CabF_xAwhC_Ls`AuzAw}D}KomBrJwaAtZiu@|y@asC`QmuAxnAubGhSgq@dXsd@jHqoBoXkeAp@kw@lW{]bi@kUfk@gw@rkBeqH|@y_@va@_s@~j@coAbb@a|AhDunDi`@stBwPcnAjLmnAbW}x@f\ihD|KayAsDo{@|KyxCkGep@cn@gaAyn@qoA}LscBlPypAhm@{xCdq@}s@jSm`@j]cgCnYyeAfBwg@sVq`AcGkz@pDo_@hcAwuBfW}n@bIq~@bXc|@fNci@wOsjAa[}c@s`@eUgkBqeD_v@u_BaOukAfc@ylBlKmeDzPqaAlF{`BoFmoCwA_xCfWizB{FuoA_EkaAxRssAxv@ynDvg@miBtJslBdD{xBaFctAg]qxA_i@qp@kK_z@tSalAcQ}vBoQ_bEus@eqCir@s_Caq@sqAgU_cDkOwmBub@idBqqCecHudAswFsGu~E_j@o~DuXmw@gQii@tC{_AxCwaAQug@oTex@qQey@jOkz@d]o{@xc@}t@zQunBkFkl@yd@omBfQ}o@bfAm|ApJod@iFgsApR_cA~d@_v@fg@ct@zb@HlS|DpRaHdRcu@x@kbAnQkgAhV}\n_AwdDwPqfCJylApw@k`A~k@eyAtN}g@ng@qs@`T{\zBojAg[{sBk_@_`EajCa|XihBwnRknBqfPcz@mvKik@ytHktEkrCmk@eo@ma@elAwc@}`@aUlIy~BfgBeuEtlDsdHdoF{qJfoH{lDdrDatD~rDmoA~wAufA|_Cix@zu@,400,382,"[8:20,12:50,18:00]","[8:20,12:50,18:00]","[8:20,12:50,18:00]","[8:20,12:50,18:00]","[8:20,12:50,18:00]","[8:20,12:50,18:00]","[8:20,12:50,18:00]","[5:45,10:35,17:40]","[5:45,10:35,17:40]","[5:45,10:35,17:40]","[5:45,10:35,17:40]","[5:45,10:35,17:40]","[5:45,10:35,17:40]","[5:45,10:35,17:40]"
Pennsylvanian,"New York - Penn Station, NY","Pittsburgh, PA",q`vwFj`sbMobCngHzOdlBddCpnIld@|lFpoA`wBvpJ`qG~rKlrKvwFjtIjvCzjDd|AvuFjmAvdCvnDneFxzH`bGt_JfyG|uKpcObxPtyVzrCxqDjkCjx@v{CdlBpqGt}GtrAx}Iv_EdsK|nDvpHhvC|~H|r@vuDbAzfGhrCtjH|^lh@jg@q_Afd@m`@grCvyJk_Cb}ApBvsC}rC~xGe}@hsAee@hiDqd@ftFlSbqCfbAvvQxPdlGjdBxeKrbAppFfSngFbgBvdU`mBnnIpjBnmQdHf}Bkq@pq@unD`bCy@tvCg|@j_A__@tbFqStgC}nA|iB{z@xcCeMbzC_}@fo@yZlcBoM`pKgw@~wGubBfyD_yDlbOilAn_SssBbkHcIrtBuaA`lAc_BpgL_U|nEooApyBc}B|tAc`BlxLs{FdpK}rCxuA_hIv|@gk@~~@bFrjBq`CncAuOjfAnF~bIwh@vnCmxCl~@}|CeuAk|ItxBos@zhBfLlmBgrApjCz_@vlA~sAdf@sB|hA_vAncAshBnGigBjFkaDdyB{vBpdBdKjdCfk@fsFbrBdkIfiAhmHcp@`jC}C~}CiiClzBwaC~XuhA`XudAnoB_eAtgC|h@vlDxrBvbHjq@vcE}mAxrCrWjx@r|AdFr~AfhEfaB~_Dbw@qFhbBhaAxVliBe_@hiEvuAl`CriBzSllBdMh_BleAhaBdfDpxD`yFhyCf_Hks@ztGkh@fcG}}EqhA_rAtlCyaCvcE{mC|rE{vCr`@okCzJkj@nl@qkAfOslApdAc`@tbDcjAbnDasCr}E_f@ljAvMv`AetAfdAoMjs@q_B`pBklBbrBak@|pBhXt|@|uDpzIdaAvjCvgAnKxzHpqFn_DdiBxrCd|ChyBjcDsJlpCg[tuBrTh`AxVoy@lwAtS]nfBnEndB}GreCD`tG`cDrvCr~B`aCh_Cb`AxfBriEvQdoFjmAdoFry@|eGo@liDyn@h~E|z@x`Att@`P|b@nAIlzApH~g@~zApiBbs@vcCylB`kCoiBnEpO~k@o|@|mAc{FxlD}[p~D|nBthAlwBjcEgJdqB~W~lGquAgW}h@vmDa|@xSsOnnBmB~uDq{@brAjNfhAnwCzaBlnKt`Lnw@r~Cm`@f~CpMhyBhfClzF}cBjgMloArcJqiA|iHiyAdbD}CxaEM`dF_lBz}FkhEbxEscBrt@~QdeFgq@ddBt}@ffAib@psBmaBzhBub@|jAswAwHohAnQ_|@tjBiSxiCn\z}@wk@txBlbBbuEt@nD,553,560,[10:52],[10:52],[10:52],[10:52],[10:52],[10:52],[10:52],[7:30],[7:30],[7:30],[7:30],[7:30],[7:30],[7:30]
San Joaquin,"Sacramento, CA","Bakersfield, CA",_}njFjrqdV{JpAGu@c@kG_AqLoCqGmC{HoCm]DqI`EgVbOyz@~Hsf@nA_RdDyPtC_O?aQeE}R{F}P|AmMrDaNzMgd@bImTdKcKzN{Enf@{H`[}EnJqEhs@ci@bt@qi@zYaQzv@yUbzCwx@bxC}w@ddHwkB`uPaqElbTyxFh_KgmCryAe`@fVsEhe@cB`_@YdjApDdgApCnlGxRdqO~d@rwBjGp]oDb|@wOxl@oK|XkF`By@lBoDLsFsBgUoS_sAUsRpBaO|FkSp_@shAho@epAjrIywPt}Jo}RrQ}]pRa[vg@eu@frAcmBxiEskG|SmS`TaJltAyXft@oQvcCcv@l{DumAxcAu[~WsI~^}HfkF}|@tTgEpFkDhr@e_AdvAomB`jBymBntDaxDxtCyxCbyEw}Efy@{{@tr@wpAxiAivBhjAkwBffAcqBfQu[nHoHdF_Dzh@kM`UqGxE_C~F{FxKyRz{@_aB|xAmoCpy@c}AxdEm|HbjBqjDhuAmiC~McWvUkj@vMuf@hWgaAbt@qoCvZwjAdM_f@hBk^CulCgBwyCcA{fATizA~@gsC\k|@lA}LzC{KbGqKbl@yw@xqBqmCxpFmlHfjFccH~qAaeBzHeGbMoGnr@wWjw@q_@zpAgq@ng@{Wdm@k`@xjB_mAzaGeyD|jG}_ErX{RnKeNhqBkiCr`Cw|Cnd@kc@zfGqhFdrI_kHllCa|B`W}XdgB{~CfcEmnHhkBwfDnHoKlMyLl_@_XrbAgs@tv@{h@dVc@hb@Cvj@]zIcGxWwYzh@yl@bGgFrEsAxk@Kl_@BjKe@bHqDpUyWhQiSzZeh@nRwZrF}GlGiDrKoA|Ea@~jCQlwHRtqB?hXgBll@wJ`tD_k@xn@oL`j@iQltDomAr`A}YrrBgr@|zDqpArwCo`AtToHjFwDfEqGvJ_X~GgMp~@ur@b_@sXvHgCfVUrgG@ft@Elj@?jH_AzSyJnh@wXf^eQnUgLvH_B~R}C~p@kHrtAqM|s@aHnc@c@pgAIzkBAjqCD~cA?`LiAdOcEh^eTxlBooAreFugDlmIgsFj|JgvGdyXizQhyHkdFti@e^xRuLpRkG`iDsy@teEmcA`|FcvApbEmaAvv@]nfDp@hW{@vi@pAlyIlBv_Cl@zpDfAjOOfQoAr\aLdlA{g@hVmRtvAcjB`lBwdCthBy_CxfBm}Bn`L_}NddCeaDne@_n@lVo]pDyLlA_OHq}@ZydDLq~AfBuKjH{OjKwT|BoOTwaDNeeAg@ca@iAqMy@gA,325,320,"[9:35,10:25,13:10,15:55,18:05,20:10,21:30]","[9:35,10:25,13:10,15:55,18:05,20:10,21:30]","[9:35,10:25,13:10,15:55,18:05,20:10,21:30]","[9:35,10:25,13:10,15:55,18:05,20:10,21:30]","[9:35,10:25,13:10,15:55,18:05,20:10,21:30]","[9:35,10:25,13:10,15:55,18:05,20:10,21:30]","[9:35,10:25,13:10,15:55,18:05,20:10,21:30]","[9:00,11:00,13:25,4:25,18:45,21:25]","[9:00,11:00,13:25,4:25,18:45,21:25]","[9:00,11:00,13:25,4:25,18:45,21:25]","[9:00,11:00,13:25,4:25,18:45,21:25]","[9:00,11:00,13:25,4:25,18:45,21:25]","[9:00,11:00,13:25,4:25,18:45,21:25]","[9:00,11:00,13:25,4:25,18:45,21:25]"
Silver Star,"New York - Penn Station, NY","Miami, FL",q`vwFj`sbMsqBttKddCpnI~tB~dJvdWndTtzPv|ZfkYxbW`o]f~f@~{LjxIfeJn|R~fOzd_@jhEhiVhsDgc@zkEzgJlfQpy`@d}K`tMxyB~sJbdOjbl@b_HdoJhFzvLnjEf_PduCziRp~Rh}VpaJhiWpfKt~VraEzrPuv@nyIrdBnyGn_FrhEz}`@||BjhRvtUhsKn}UtdAtmJhjCxn@~oCrhFntIj}An\rtIbmFvvIxxKl|Ht~PzdEz~IxcCnaZp~OfgJpiHjtAziFnjGzdAv~H{bDlfNxwCrxMi_L|cLsiBtcHafAfcC|uFpdAncG`hCf`C|`DmCxiR~`@`j`@v_Ej_JksC|yFp}BfhLkbHbdFnQlrNszCfmKqpCvdF|dC|~Gej@trc@ibD|tTpoC|bPdwH|dVbhLtmL`|BbdVmuArrNzfJnmLvxAzwFkhBrnM~eFvfQbcL`cRf_HrkThmHrpb@j|PxkQvqLveYll~@y`_@nuu@g~EzeMa`Hv`Col@zlZljKp}J`kExrJxzHxlQ|wB`pJheP~hMblFtqEblFhSjkU|xHx}J`zFf`IbsJhuQzwQ~sOxpM~`FfpKvmKviHbuCbfF`_FnjGd_Hx|J`sHxiBt`Dn{GrzJh|J|rC|xD`_Vrv\t}ElpSz~Kt~QdqOrk^xyFvkRd`MlfQvbJxkQjlInxT`zPfvYvsFvzOb|DyP|jSfwFhxMbsC|fa@yR`cRxhDxmKq\lgf@`zDhqu@~fNh`z@niAfrb@zdDj}a@}bDttf@kfKbsIkbFzxRfoSjqQhza@dpf@`xhAbdMfaNlhS~}Djia@vxGplk@zwHxhb@lqA|rNsgAhtTopKzbbA{rg@ppI}sInlEniFniFq|B|~Nt~@r_EvfDltGbhEtkM}kIp_`@isPtm\p}E|tI}fCnyEty@fkAxuExyDeuAxuJclInlZcvSpoMizC~zOyvDbtHwhKluDaqEbeJ|ZpzMgjB|bWav@r}HqfBhdEgzDr{FpvD~rNxnD||KfyA~~LliBdp]kk@zbMlxCnyH`jQnWv_K`rNhtGfgLpbG|zBpaWzkEdzHfm@r`ShkCtl\bfHvan@bqBxsWA}yDgzIstu@cvFwt_Ahu_@in[t|Mw{@v{UyuNbtTkdJrhIikKdyFoh@`eIc_d@|tVugn@jsKw_a@~xGanMjjz@ekxAxg\gwj@xvHqf@vtl@pqD`eKFjfIhzDfbWxpC`bi@~sChhIoAn{H||JzsD~fExiFg\dlEuiBdpDskDxlCgwB,1856,1860,[11:02],[11:02],[11:02],[11:02],[11:02],[11:02],[11:02],[11:50],[11:50],[11:50],[11:50],[11:50],[11:50],[11:50]
Silver Meteor,"New York - Penn Station, NY","Miami, FL",q`vwFj`sbMsqBttKddCpnI~tB~dJvdWndTtzPv|ZfkYxbW`o]f~f@~{LjxIfeJn|R~fOzd_@jhEhiVhsDgc@zkEzgJlfQpy`@d}K`tMxyB~sJbdOjbl@b_HdoJhFzvLnjEf_PduCziRp~Rh}VpaJhiWpfKt~VraEzrPuv@nyIrdBnyGn_FrhEz}`@||BjhRvtUhsKn}UtdAtmJhjCxn@~oCrhFntIj}An\rtIbmFvvIxxKl|Ht~PzdEz~IxcCnaZp~OfgJpiHjtAziFnjGzdAv~H{bDlfNxwCrxMi_L|cLsiBtcHafAfcC|uFpdAncG`hCf`C|`DmCxiR~`@`j`@v_Ej_JksC|yFp}BfhLkbHbdFnQlrNszCfmKqpCvdF|dC|~Gej@trc@ibD|tTpoC|bPdwH|dVbhLtmL`|BbdVmuArrNzfJnmLvxAzwFkhBrnM~eFvfQbcL`cRf_HrkThmHrpb@j|PxkQvqLveYll~@y`_@nuu@g~EzeMa`Hv`Col@zlZljKp}J`kExrJxzHxlQ|wB`pJheP~hMblFtqEblFhSjkU|xHx}J`zFf`IbsJhuQzwQ~sOxpM~`FfpKvmKviHbuCbfF`_FnjGd_Hx|J`sHxiBt`Dn{GrzJh|J|rC|xD`_Vrv\t}ElpSz~Kt~QdqOrk^xyFvkRd`MlfQvbJxkQjlInxT`zPfvYvsFvzOb|DyP|jSfwFhxMbsC|fa@yR`cRxhDxmKq\lgf@`zDhqu@~fNh`z@niAfrb@zdDj}a@}bDttf@kfKbsIkbFzxRfoSjqQhza@dpf@`xhAbdMfaNlhS~}Djia@vxGplk@zwHxhb@lqA|rNsgAhtTopKzbbA{rg@ppI}sInlEniFniFq|B|~Nt~@r_EvfDltGbhEtkM}kIp_`@isPtm\p}E|tI}fCnyEty@fkAxuExyDeuAxuJclInlZcvSpoMizC~zOyvDbtHwhKluDaqEbeJ|ZpzMgjB|bWav@r}HqfBhdEgzDr{FpvD~rNxnD||KfyA~~LliBdp]kk@zbMlxCnyH`jQnWv_K`rNhtGfgLpbG|zBpaWzkEdzHfm@r`ShkCtl\bfHvan@bqBxsWA}yDgzIstu@cvFwt_Ahu_@in[t|Mw{@v{UyuNbtTkdJrhIikKdyFoh@`eIc_d@|tVugn@jsKw_a@~xGanMjjz@ekxAxg\gwj@xvHqf@vtl@pqD`eKFjfIhzDfbWxpC`bi@~sChhIoAn{H||JzsD~fExiFg\dlEuiBdpDskDxlCgwB,1644,1610,[15:15],[15:15],[15:15],[15:15],[15:15],[15:15],[15:15],[8:10],[8:10],[8:10],[8:10],[8:10],[8:10],[8:10]
Southwest Chief,"Chicago - Union Station, IL","Los Angeles - Union Station, CA",wlr~Fna|uOj}Jd{j@x|Cpxm@huBbs\lmNjlZx}Y|pjCrl\fiz@jvM|`r@bfUphx@zcSfvd@rn\jzb@xzJbl[l_f@~`iB`gLlh[pY|uWdbRhjq@faAdkNtcGplJn}Pj_l@nk`@zz|@zo\rbh@zrRt}b@t|Wrfb@zxYnjZbur@vboAtrJ|{L~gMnrm@~tTd~dAtaArnt@toPncl@njFrwi@tUfwMheKntLtuFfde@g_BvfT_tIlmNsrFbiUcOnkZ`\teO`cGjhHvjV`~BxdLei@xjOnqYnnThDdzNbuKxtGfxR`sSj{`@~dBluaAgM`|VtdUn}]jpNzfn@f{DfhMzx@jdQvoRvrXrzDh{G~@pky@meCnlu@hsMn_Xht@~x|@ciEdmfAbsH~pqAhnIpcfAhxNbpv@`xJdp\spI~gdA}i`@lsrBquBj_[ldGns\zrLzn_@{m]b{vBicIbtrBdrDjyq@quAx|i@neBnzj@jvL`jh@fuMhzWf_b@rjk@~gLzeYfzPvnGbvN|rVlbc@fxVveAf|KppZnma@`hQ}rAtiHqgF~nP}iDfqNxNdkLjP|pl@juMlub@f|Ifv`Ap{Rltg@zx_@`uCtqRdqJjjNjgSf`]xpY~jGdwJ_xB`jG`cG`_@xfRwCnuLw}Av_LotGdnW}lQxxN_`EroJbr@nzFluYd_\x`EduJ_yIfpZurJjd`@bnNn`Wrzw@nnc@n{`@rnF`uNjcKlrEhbLfnEfeHfbHxnAahAdtKqtIxuYypPrfL_gQfad@qkFdhBfgAplI[nxXcbB~ha@i{@lnIimIhuKc{LroPkpRr{NqhJz_FobF~h\}fDlfXowLzjQqwFnnv@~cBlhT~wOz{e@~n[f|_@tlExnWtm_@rubAhiOxsWpcH`jm@~jJd~Yqu@|~TqwIrjY}yK|h_AqmMzas@wiQjyv@_mBphf@cn@taNtwCl~QyGjfM_jFbmUvH|md@_zCvq^|oPn`oJ``DheFbu\d|Evra@vqDh|DxaF|lGb~c@t`@xdOptAxwB{`Jf{My`JdlD_aJxu[seJdrLzsCb{n@vjEhmG~q]l{[lge@d}d@jc@blg@mqIdrj@q{Kd|ZogLjcJxEbfRcx@~aUmbMxvVizNzwkBmi@joX~|Qhk]vqDp{JfnKhkE|pSgp@lxGw|DvuNceCvwRz~LjwEjdO~~ArcIdkGskE|pFchBv_PqyTzfGydAxbIdaBxcXv~OlrFhl]nVnvLzqAjsl@oiFzr_@}`Nx|MyhEftQgcGthAhAp|@,2595,2585,[16:00],[16:00],[16:00],[16:00],[16:00],[16:00],[16:00],[21:10],[21:10],[21:10],[21:10],[21:10],[21:10],[21:10]
Sunset Limited,"New Orleans, LA","Los Angeles - Union Station, CA",}zwuDxnxdP}eD|tK|wCz{DhdEpOy}B~eN|{Md~e@vsSdySgbAhab@lqNlcr@jjAfqXenBb`O_BnuUkjN``]ai^r_h@gvShp^yxd@|e^wYle^t|Cjqd@z}Djcd@kcJvvVsI`ntAdA|jd@vAzmP~}Ifhf@`aE`}ZdtIwIqVj|d@ldFtax@hhEzyfA{hDrdf@aSh|HlrGn~NhwQ|oW~yExpEhrMl~`@l~Fl`WwkT`fc@m~Vhah@}fPxjw@ou]Lw|ZdbGaj@hvc@`eIzpk@c{c@xee@ys`@t~ZtjK`he@bwMdgaAffHp`n@zcGbdKbnTd`Fho\pnG~eo@zjQzi\vyWv_V|eW`lMdyXr|SxjYbjVr~Lv}Dvb@v_N{fFqtNxsF{kE~LdUfcG~oIdzJfnCdqUhbHd__@}nBj~PecIbiNtlBh`w@khB~hHr{Dn|Qvp@~oLtmMrow@q~Brmf@xmCja_@bcI`jW|_DnmNsjCffEqlTbra@quMdkGac@vv[hBnbP__AlcY}fH|e@eaHprA_mUjnQqzP`yFq}Cn`KckHtoLedGfc]ouB|lW}aXnu^_uBrjMs{AnzNi|Dr`RgcHdjG`l@tjImrFrtc@gbBdiKmoAbbIgzCt~@ygD~fPfwDjkKy|CnuS|uLxuXtaChuK}rGplE{kA~zSurMf{PqeA`tf@ewE~bTwwPrfOk}ErnXx~D~sX`pKvfMuuB`v\e`Kznj@mtr@pvdAu~ShsYmgTpqNafSjkOvz@baLuvPdsXe~d@x}pAebJpyJnlCjtM~S|yWbiA~cKoiGhtDudSpzWuzG`dW}{{@jg{@ehElkPbmArzF}wD~oNizHhxOgeq@bh_A{lWty|@yjHlpd@so@z`d@`oFrpx@raHvsy@lyAj{PqzO~e[y~KjlU{oBvpLpg@`iLdwT`kb@tx@h`J{[njEkdAjbGqiJf~q@apIvxm@rfBt}^b|NxxLzwi@|_^xuMh{a@by@jlFmsAdrKwzChmKnClsl@ovMfc`@qfTru`@o{Jh_Mqvk@v}l@spp@pgv@kgj@bxdAevW~fg@kt@biW`jFzv^b~F~b`@hlHrde@buTtr{BzfT|vlA`gK|iqAecDb}YmoLhnLhwEzdGbrHjkWoqH`tLs_E~oMti@xmIcw_@xgj@}}e@jbw@c~b@p_aAw_Nb{R~wB`eJohUn}X}mKrgUcqE`wNmrT|xQewOzz[ykYzll@unCdcc@{H`hm@gtSdnl@ydF~ma@dr@to`Ah_BxoQbcGnaM_xLfz]riBbld@,2795,2800,[10:00],[],[10:00],[],[],[10:00],[],[],[0:00],[],[],[0:00],[],[0:00]
Texas Eagle,"Chicago - Union Station, IL","San Antonio, TX",wlr~Fna|uOfrD`Gvy@fjCxwCr|Nb~GjpPbuK~nQfcH~lUldh@`rIfzK`iDraKheBb}IpvLhaYty_@noo@nyp@t}d@hrVzyOd{OjvSrn]haEnpBtcWr|Vvod@ptj@l|d@jic@xpQr|JheIbcG|_VjuGdtk@xaN~i_@xoSxvMb{KdxIjxEj{PnkWreQ|wMxtFul@`aKisJrePuuD`hPlmMn|FhKncHleBew@jlD`tB{v@vyDf}EzpIhxF|wUtjJpeEdeE||EbsA|_HhVhfBzmGnhF`b@fpDplHffIviMhhHraCfaCp_IbtBvF~eEbFhtAfoCphEthFzqDlzDfiF~~@ljJakGbkFmPziCuwD~mFwhChhHj^`jLn}AnvKkbCxuMrkLfwP|KnfId^r|Dy{DvdFwt@`hKjlEf~FzgAjcEywA`dIj|C|yF{x@h~DmeFpfBqwExvEglDf`G}fQhqDyy@lyAq{CvaJwgGbuGgrGj~AgjBpmEjiAvhW`lQn~]~gH`fMxcIxqKng@~wT`k[hg`@v}l@ln]jhTzf^bwThoY|sQd}HztMpr\|gSdmX||_@tqPxhR|cf@~~s@|a]|_]ljKzoQt{BloHplItrGjkNp~Vt~IlnSz|C|tG~|ErjBfyNvxJf}EvnF`bAxaMn|k@bmh@vmKlsMpbSxiBt~Mp|M~iFdgWt}Iz_MlrMtlQ~iI`jRv`Jbmk@nxQzqVnyV~gYzcRtOl`LriMti[h~Ft}L~~Cb`Ml_HhnLzmEraT|kKb_BfoA~aJi~AnhUhvCn`Exw@`cFraJrO`g`@dqBfqX{}@`eUwyJ`ac@}uIvox@{dFnfYsvAneVmlEhgdA{|Dpx}@oo@jib@szAriGo{@rlQqeAxwVuEriFhnDfhBbq@|xAmdCxyD{hBxwBjOnoKvkFdx^`_@hsk@ivB|fJfhIlgBvvVfjBpyOnnD`wPXvrPgm@~mNkIlxL|vB|vIrcOtxFtnEdkIljOx~Eh~FrkMyx@rhRofHptI{aDntIkkC~uFy{Gnu@gvCzpMgdAtxOoxDfaM_rEf_N{~C|i[miAp`R}^fqUlbCtdEcsA|mHnoC`aFbnEv_X`cEtiJhGvcKeuCtzG}{AjV|wC|_DfqXv|DhfTnfJblIvqX~xEv{IuJ`yJ~yGfmTrrFrmP~mEd~JxnB~pFn`Cf~Gv{GbfVnq]tjFhgB~hFzcI`qEdpMlyJddQhsH|hH~dD`a@`wFpeDxbC`zA`lE`vAuB`eFbrMinG`_EczCwnDnpCabNzxG}dBy~A,1930,1852,[2:45],[2:45],[2:45],[2:45],[2:45],[2:45],[2:45],[8:00],[8:00],[8:00],[8:00],[8:00],[8:00],[8:00]
Texas Eagle,"San Antonio, TX","Los Angeles - Union Station, CA",}}prDj_axQt~Ad}Bjb@r|DfuKr{Kbd@pmWn~BzjSncFjwG{\pkHmpF`zHaeH~cHjn@|~F|bAfxYpsA`iQi~BziIjcEfuYoEjdNpzLfkf@jFr{Z`o@r`N}qAbpCaFfyFvkD`kg@voMfiYadP|eZi_IzsNopDdWuqIxqJy}AnnFhYn}H~dCjpJg@buPkUhbPe_Cr~CyoHnMi`H~fBiqHbvLasPruD}iMp{Ii|EduJczC~|CkpAndGqt@d~LciE~dNmj@~tJ}_B`mLsoJz~I}{LvpRmp@vyGtnA|`HslCr~Dk}@hrG{o@xdIkzFhxGwkAb}GcN~fRuuBpmQoxD|dHx|AhmHibHxzFimA|dHw}BxiEvz@deKr{BzbDucCxqL`bCnzNxuHlkSps@zhIe{DlwAyr@xlEr]~bKmhD~tF{vGxrI_rCjlWub@jwV{vJriVs~ObcLc}DlcO`wBv~En|Fvo[ltFvgFln@oHtd@pnByyChy_@k~BdaQi`DvqLivOre]yw|@vdmAaua@jiSaiB`kPzz@pgBatKtgQgi`@~|`AciFnkTocIdpHglBfiCleAlrGbs@`cIma@v`JloEn`OszFnxGikJf`O}vJzdLksI~mXgh^d~\em^b}^c{@bbLhd@z_GodDb~Esf@n_IysCvcG_a]tuc@qkOpjR{pJ~rXgdHjcOyaM|cn@kiH|jn@jjB|nY`nJpavA`wDv`c@c|X|bj@m_GjzZryWven@zd@nyDal@deEk`Ez|Ys`Lr`x@wyBrwi@jyBvbK~iEpjEzb`@`qUjzE|rCxeIp|EhQ`eFtfE~gJfsBnvGvMxxH|xDpl@gwA`oFvMbiNqlDlgLbu@heUkeAvkSemCnrM{wJ`eVcsInzQelI`|G_gNdiQwvYvuWmfMrzR_|QteP_}MzoLeuMtkVuyRz{^}io@rfnAd|Anhc@jeHhsYvz@r|NfnAvgFvyG~oi@vlKxseAduIruaAtyQfwu@rvBhe]bjHve_Auz@`_M}yEhsH}hGdvDek@xzDrLxtDnoFtkAfzEfkLmKbqMwyB|pGewDbSc|BdePynCzuNoif@tvp@ulg@xj`AgdOtkc@qlPvjMesCbxJ~bBrxE}wB~eJweWlrW{}CphEgyA|kQkn`@rv_@arRjcf@weNloYwi@hpKanBxdNeCjlNqcA`sJri@bgKgXl`Rs`BnbCcxDtvNohAlqIq`I`oNuqDdiSpE~tn@dYbe`@zDdlFb_DdwHxiDfsNm`HpnQq`Cr`JpFpqPnz@v}Nta@h{@,1730,1730,[],[3:45],[],[3:45],[],[],[3:45],[],[],[0:00],[],[0:00],[],[0:00]
Vermonter,"St. Albans, VT","Washington - Union Station, DC",glopGtsa}Ln{@hd@biCfkA|mDa~@|rBunAhnDfz@l`Dwn@hmG`jCffCzY`xFzgBddBpPr}Fkn@zzEekBzeC{lLbvI}rF~tDmyPbtFej\jrCq~G~cCiuDphE{`LbiAkhAp}BtRf{ErtEheGxnBfzFxfCg\b{GlwKjdCffD~oA|kHy{@p_Fm|Fj{CcmIdgH{wAbzCjZt~AstAtXwnG}VouAhw@cbAkOmvBsEcqBjdByoBdiCslD`l@q_En`FseAr_C}yB|qCwxAtuDcrDzbBwbI|mAxLzhCtaAjgAmm@tlAbtBli@toC~pB~uArlGdjAhnBgIltBacAt~Ana@dkNkKd_Dyz@~dIhL|hHhsE|iDpjA`yAcStoGteBblFb~@trBqu@ph@al@duBz~@tlBmVljD|mDlcFeu@fnDdl@~{AbdA~fAzsEjw@j|B`rAaXh~DnOtxBhu@n~AfkBfuA_HhmApIr}FspAtlCogBp_D_nApp@kwD~qBmfBxsA}g@`eCxlArxA`|A~eAj`Btl@dbEbaDxaGbuFluDpvBkk@bhEmEx_f@f~FrvEewAjsFkzBd_FbnBjrDqeAdaB}{@ryE|bAnmG_Fp}A}}AjzCedB~tOlhCr~GfX|YnxApxFlk@djI`|A~tChKpfFloCrqCt}BzdHj`H`eOlbE`cE@xrCn}@rvCpbBf_EdcBhaAve@lzEsEzrLxmEzoDz{DdsJzzBxwEluGpaD~qFn{CbvEnnApaFjv@fhDzaC~tIrmAvxIvhA`VtLz~CviC|eFlaAz~ElrA|pL~jCbyJhaCvfCrUn_Gdf@jbFlxBhtB|jDnbPruBrrFtfPfcVr`DdzB~iD~~Bh~A||CxzBhnFtqBzxB~mAj}AbfBqVz_CciA`t@|wBxe@viCyl@~wGuuBlaL~lD|~PbtDl_FppNfdKx_LpkOl}CfnD`zAdtFnuCtyFh}KdsJ~_J~tGnxFn{Hx|KfrOxqM|iRbvGnpCpbH`oHlsAxsIb}DxwKrvG~dNfhBheIY`hG|cAjiDpnAldC~\`h@|h@}{@bjBeRfj@teCxiGfsMfhFzxIleBbcEbbIjjP`hF~sEdu@dwDraB`cHtaCdnGjfCf~MnsEpdQjaHpgJhb@vbTbsDnjHdiA||J`nAfeGrtEnjJ~{Kf`K~aGx~P`jBh{Ed~FjrFxjCpbOzaCp~Ef_AzzI}\t~CiWfwD{[`dApt@|yCzfA`{@~vA`kBt}HrpBlcRlPz`HjwAh~D~kD~rHfgIv~E`{K`|GjcIfgA~jQjfAnY,764,760,[9:15],[9:15],[9:15],[9:15],[9:15],[9:15],[9:15],[8:10],[8:10],[8:10],[8:10],[8:10],[7:30],[7:30]
Auto Train,"Lorton - Auto Train Only, VA","Sanford - Auto Train Only, FL",qfgkFvcivMb_Efr@fcAtlAz~Al|@xaFtK`hEjkAryCqDp_HnzFhgExkAnfEfiAfvCf}CraFbxCp`@jtAt}BdjAplAfsAjc@ztDlnDrHtkAcDz]|u@`dCrWrpDi_DjgCtr@daDad@n_DpbCrjBk[|uGotGdhH{gElmEsE`hGyu@zbB_XtiBvj@uD~bKf~C|bBxe@jfAz~Bjm@x}Eup@bmGtApxThzEzjLpnAf}LixEp~Aj_BnfCbW`|BdMvvEgoDd}Cc`BjsBdQ`iLFtvI}gHzgH|LvkFjdDvwAge@dxHk|@v|UwbCzaF}X`pEr~@lnF{MvfQbyF~bCd_BvaGvxAnyKhyG~`ErlCpjGblBhsBiA|oDqyA~}ImeA`mLfbCdgC|sAjvBr}CduAx{A~hIxhAr~EgkCjjCnu@z{OfoFphGf~CxkDneEz|D~h@h`If|Dn_JpgEzrJjjCzm]hyMnuRbzIj}CrdCbwOxyg@zlIbtWnqAh`Djs@`nC~dD|xEhgCr}Cb|Bp`Ht`DlvLldC~zDnaYv`Ul|MvhJ`fPhvV~eF|yI~xB|`AdmCzvDvpG~jDraCj|@zwCheEflIdbGxzZvrT~lTp|PziYnjPfqMz{HvcA[jjFobB|_DicAjqWkmOvbCi\dgLv|FthZ|jOp|I|nDfuF~d@|{IrcEt|LpEpoFj{A|sFzqEj{FjrCt}HfyBp~Hj`@vbQ|z@zxLt}IbhQ|uNjzKnxL|gGzfJptIvmMvoE~nIx{DngE~lEn_BhrHrj@|sHc_AryCmnAzwDlB~_@xxApqClhJ`sGr{GrhBviGn}BxhTts@j`Qyl@viShkDbg[n_C`}]b_AviNvzAjlBjdHtsFjxPxnKt|KngElxc@`iQ|cG`qFn}G|kKxaCtpAb_Ik_BjgKkyD`sDpsBzvL`wOzhF`tLh|Tdfh@vfThvf@pcH`oNhpLjoMlhg@nkIlgk@~fI|eNphBz{Lv_BzzWoc@prJsfAhxFya@xyEm`DbmFufFtvKm{GjaMyxHluFkiBzqSujJlqKkgFpwEcgG~h@eq@lt@j~@fvBppD`fC~Bv|BimB`iCcd@llMttAlxDfoGtaE~fB|kEux@xlLuyLtgVygIxjGuwBthCjOzbPpiDxqD`pA|qAmLv{D{hBfbBwA~lBrDfbB|}Djy@hfA|bMctGdbGmdKxsF}`CzuF_pDz}HoyC~mPu_EpuFifAv{D_hDzaKyvMv`JzZlwIiy@nuG}jC`{Ml\`yClEjkAcm@hjDui@bcAgJdmBkoD|KsO,1020,1020,[16:00],[16:00],[16:00],[16:00],[16:00],[16:00],[16:00],[16:00],[16:00],[16:00],[16:00],[16:00],[16:00],[16:00]
Palmetto,"New York - Penn Station, NY","Savannah, GA",q`vwFj`sbMobCngHzOdlBddCpnIld@|lFpoA`wBvpJ`qG~rKlrKboKf`OpjDn{JvnDneFn{Sh|O`o]f~f@zrCxqDbhHpeDpqGt}GtrAx}ItoJ|dUhvC|~H|r@vuDbAzfGhrCtjH|^lh@jg@q_A~jBcLzkEzgJpxBhyGfsArrDlgC~|BbaB`bE`nCpjH`uDvaGbgFhqExyB~sJ|^lgBh~BjtGxiCrcN`qB|tJ~gB~iEb_HdoJrh@rsEia@fbFjTt{ExcCdqChp@jpDduAfyK~~@roEdyEfqJjdL`kKpaJhiWddGj`GjaCh}N~hCrbFrw@foIuv@nyIaX~dA`t@ztCrhAr}@n_FrhEliLzI~pJjTlaHt|ApzJrdIxlFboKvzGrzJjiBjgCdMnyEb^jfIpe@hf@hjCxn@Tb`ChoCngBxzCgGtxDreBn\rtIfb@xkEt}Alc@dkBneBbaFlcCxzA`uCzzA|a@v|EvlC|`Jbw@~aDhaAr|AaVf~ApxAzoHzrEvbIppBzlFbyEbkCtuAzWxnAfbE`cCjtAziFxbEsMzdA~qAt{CuM|aDyrC~vDj`@jtA_OfxAzpAv}B`u@rxMo|K~jCevAvuC_JtbCgJv~GyeAr~Bv^fL|oEsTplDjuAbzAn|Ati@dm@tuAh_DiAbdFef@peKxfAt{R|~DhzHfk@zmBeg@hgEy}AlwCe}@xrDrzAljAng@l_DqjAzgG{uEl`FzPxtFtBviBgIxcCcyBrwEqsD|oDhDvtFfcChuBrn@tmDiuApaIq\pgYcgCjgJnv@dnIfvAjgLzdEvuBnoBhwDt^~cEjqBxrJxyGt_BdcAzaIj`A|uHcvA~wE{hAlsEx~@x`JjwC~~C~qElzD`iAvoFzQ~iD}uBnmAjIpnMreFd`Jj|Cj~Eb}F|bInjB~aH~yDnfH|`DtfKhmCdqb@|{PzxLtrF|sC`|DxmPbeh@haHbpUraCtmHbeExgGxpD|kGngBbgG|yBjnIpqCvoDbwZj~Uj|GxtE|nEn{EfgOrfVdeFhfGfbLjhJxzBnVxhB`fDn`UroPtlXxlStkWvrQnaTvtLbor@jse@rDn`Tpn@tuV||e@}pAb~KaZx|Irp@hb]`rIzhu@luRpov@poTjpYxdB|dMzXpzJejEpaC_eAziAjaDhfAf|DjzG`cHp_BheFbeCxyT~x@jcPin@~nRrbAl|NreBxrMf_Cxz]d~@heNnsAjnBviHfxF|_MluIdx[|}LpsVrrJjmG`gFrkHf_LnbC`aB~fQibEnrAi_A,902,936,[6:02],[6:02],[6:02],[6:02],[6:02],[6:02],[6:02],[8:20],[8:20],[8:20],[8:20],[8:20],[8:20],[8:20]
Piedmont,"Raleigh, NC","Charlotte, NC",ghjyExo__NkQ|]gMxe@w_@rxAov@dzBkFdu@rKnr@d[fz@vOrp@ib@t{EoDrm@hMze@nKr^kOz_A{w@z~AuQla@}Ax]w@lYsPjW{YfGySaJiQoCwOvEi}@j`@_XnCqz@|_@s{@dm@sVbEgcAtk@gf@fYgPOw{@}W_d@oEis@xO_{@dAwqBgA}m@qOqgA}JwWnSce@vQge@rUan@hq@su@t|Aq^rjAaN`Smf@n`@i^vw@ig@v{@yFpg@g_@ji@wVv[eIps@aXjt@gr@vj@s@~PlKdXbEti@iNxlAgBds@`Mjp@iL|j@yVheAcNnaA{Zhm@x[hgAsClWiLzP_mArwA{PvdAqWxc@en@nR{`@jbAaBxVlMbtAoCtWqQt[?`f@rBzm@gFdWyL~g@oTli@JryApHdq@uQfr@eKzaBqQryCok@hvB_YptBgKloD~]bxA~@|dAjN|[?`d@wJbmApPb`AdSzwBnSn_@vSlcB}Ml`AqW`yAeB`Y_L~PuXdXeRjQkc@jo@uQht@cj@h_BqAnWxJdk@zr@h}@hHbn@`BbbBcK`v@Kvv@sCxa@sTju@u[ntAkNxzBl@naEp@|t@rQfj@jH`j@KlyB|Zju@nZ~g@~Sx|@pVt`AxVp`@`Mr{@dEfaBjH~`Crm@zyAh^|hBtOl`Bv[vwBpXp}EjRrnAbe@rrB`PnOj_AxZvY|NnxAzwAlzAxdBls@fdBxMld@d`@z~@lTrO~T|M|vA`hBhDdeAdSnlAjy@pdCt`Bj|A`jC~pBvfC`dBpe@xp@bO|b@rW~{@z^lmCArfA~Kjy@tq@rfA`\rgAloAhcBdQph@vXl`DpW|t@`y@~aCx^x~@pFtb@tC~U~d@f|@po@liA~Lpb@f\rn@lt@lp@vl@bWnpB|k@~t@fb@nYl`@vYha@tUlm@z[bf@pm@jhA`u@b|@nO~c@rJ|s@p@hu@cFv_@eDzYbDdc@vPja@|v@~q@ltArlAlk@~i@nfAbgCvw@fbBxl@ldA~`ArmC`rBbbCr{@haApcCtqAvfCbmBhd@po@pQfv@xMv]to@n\rj@rkAhq@hmAfVpPpPxBnaB{BnfAx@d~B~lAta@pBjrCen@vjBwh@pv@cb@~t@eDxj@iK~o@sV~a@i_@h{@{e@v_AoGt`@tFdjA|Ihe@`Hzo@uG~{@~f@b]|l@vUbkAjd@`gArj@nx@fr@blAhQzjDkCj}A~MrxAdJpf@|Onc@rRhSrvAld@~pB`kAt_@nb@`_@nrBzY`|@r]p{@zS|kC`_@faAvOza@,199,201,"[6:45,11:45]","[6:45,11:45]","[6:45,11:45]","[6:45,11:45]","[6:45,11:45]","[6:45,11:45]","[6:45,11:45]","[12:00,17:15]","[12:00,17:15]","[12:00,17:15]","[12:00,17:15]","[12:00,17:15]","[12:00,17:15]","[12:00,17:15]"
Pacific Surfliner,"Los Angeles - Union Station, CA","San Diego, CA",crznEzbtpUv@}L}Fu@oBc@qKcFaHsDgBcDYsNhEeFvYcCbDd@rHvFpFzDvHxAzXdD~yAsSdj@sH`[_EnLR|Eq@tDoCdDyJ\oKxFo]hKuc@fy@kjDlpBonIxPut@`J}^jKcY|a@gq@fYcg@fd@yqBbQ}Vro@gr@hTiR~OqDfbDe@tQmChHoDzImIxLwUbUef@fpBsgErfAi}BfLw[dYqlCzQqeBhEig@Eke@g@a`BOke@hBiRdEiIlE}DxMeDnfAs@j\mFzhA{WhgAyVda@wJnYiHpL}FnKaI|LkOjLuXpE}QvIad@zDaTpQ__AdLsl@~B{ElE{BbLU|~@?le@Y|P_G|bAYln@\pi@k@ng@yKnFcCpF{FdhAihBrxAe`Cn|BcsDpxAq_C`pFexIvVa]|f@uh@zw@e|@~T{VdOmKxr@i`@|[mLhy@eDp}@eCfc@eAvz@pCj~@nBpa@sAdl@z@hw@tFvOOrU_Ezy@sSbmA}_@z`@_KrP_Axm@bA`MhAlJrCxGdFtExOfPzOpU~OrWdO~}@pTbL{Bpm@}hA~Rec@vSgh@v^yg@~P_ZdGyLx[sc@jOsStNiQbYuTzJiN~KgPdKiJzU}Q`o@sn@neAaw@vo@kT`HcF~FgInEqLxOil@hFsRnAaMr@}\pCuNn\su@pVcj@vf@kdA~jAqmBrYc^zScd@ndBkkCjVi^~IwIho@ag@t_BkmBjw@wj@fu@eh@nb@a\ta@mm@bT}UlmBgvA~d@u\bWoRbNcP~u@u{@h\y^dHkDxZsGj[wJdi@cHf]uF|FaB`_@eYbp@ih@jfBsvAxdAogAro@eh@~YeUlg@m\~qAij@r~Aoo@p}Awk@rf@yPft@}R|xBqg@hZsJrz@od@tMsCx~@sGpQ}Cpe@uRho@q]~u@}]t_AmRpj@{Q|vCuc@pQcCtIFbj@pM|VaDjVsGpa@eMhm@sLpi@eg@`h@og@nVc\xa@gg@ph@wd@xjBcfBjRiU~HoTWc\aEmQuCcVq@uHjAoE|L{GbBqEBsQXyJxB_EzCyE|C}Ow@aNxE{N~HaJfMuCfOzAfJfBpL|F|EnGpMt[d_@fs@hHzd@gCrp@lBnVvf@j~AzLh_@~FbL|HlHnRnKbItClKhAhK_@zKyClMaHpNoDdMcDjJ_FvSr@lIWlKqC|FoD|VmXjc@wf@fHaFpPkFf]gPji@_YrTaJ~M{DpK}@hn@|ErTzBtHQzuAc_@t^qJhb@cLvEoC~_@g]bQ{_@zPq`@hNuUxb@i^dj@iRpUmDxKEzIOrJJFyA,170,170,"[9:05,10:25,11:41,14:20,17:58,19:08,23:35]","[9:05,10:25,11:41,14:20,17:58,19:08,23:35]","[9:05,10:25,11:41,14:20,17:58,19:08,23:35]","[9:05,10:25,11:41,14:20,17:58,19:08,23:35]","[9:05,10:25,11:41,14:20,17:58,19:08,23:35]","[9:05,10:25,11:19,14:20,17:58,19:08,23:35]","[9:05,10:25,11:19,14:20,17:58,19:08,23:35]","[12:47,14:23,16:40,19:21,20:45,0:35,2:52]","[12:47,14:23,16:40,19:21,20:45,0:35,2:52]","[12:47,14:23,16:40,19:21,20:45,0:35,2:52]","[12:47,14:23,16:40,19:21,20:45,0:35,2:52]","[12:47,14:23,16:40,19:21,20:45,0:35,2:52]","[12:47,14:04,16:40,19:21,20:45,0:35,2:52]","[12:47,14:04,16:40,19:21,20:45,0:35,2:52]"
Pacific Surfliner,"San Luis Obispo, CA","San Diego, CA",u|hvEzjl_V`j@cJhd@yg@n{BqpB|z@cx@x_AdHv_Cu\d`Aca@nz@hj@vv@jT`jAbmApxBcBlmEov@ruBafC|}@g_A`m@jVtaBbGbfEas@pwDmpBd_Am\d|@|J`v@d\|{@rF`vCi^fk@qf@t]tEnk@sZddCeaD~}@sdBlr@{Kf_Ajo@ry@eLjcB^vl@rgCnW~{@}e@twAmXnrBdL~g@bbB~Wr~BpaA||Crk@x`@sMbcAkG|mA|a@ldBy_AleD{q@jmDxx@l`AfKx{Adr@rdC`hA~}Dn`A|mAjZxc@cNdu@}Xhu@cw@lH}cE_CceAj}@guBb~B}nGlmAenBt}@wZjoCcgBniDchCzb@wv@gJaeEoPsuEim@kxI_m@yhDrP{vCwPidHgQutPvKsfC~u@{dCpLwnCkNkz@cBu_Ebh@onFl~A}nEby@g_If@s`Fe\udDyWiuGbQqfH|aAcuCrOyrAhbAo_BfJ_r@}RueAii@i}DhSuwBuLgoBrAa_Bha@cdDuAgbB|{@smA`l@{lChu@wm@fYcwAhy@ciDXcv@tq@u{Ax_A_y@dEgbA~_BapB~|AcpBri@agAs@w~ArhBskCrdAqx@dm@saBjl@{eAl@wiCpgDkjJxGiaD~cBk`D~xDgHtZwQlDuwAbByrJwDwtI_oCkaBksDiiDsiBqtEcVsrCs|@woDc\ueG_g@q}D_Hmk@la@owBjf@yxB`v@gvEZg}Jvx@ayEjA}sAiVoa@nPooDcn@yt@mG}v@zMiSdlCyAfk@kk@zKiz@x[krC|fBwjOlwCcgWp]ayCbiAmrB~mButD|`EajBpyAm{AdnBsrAt}@el@jqAkDlv@tLxGh\pWpKsLqEyNyYtuAjIx~Dqg@xh@ofCdiCowKh{A_tEtnAkqDfhAwiAxgAaFz}BuCr_@cb@fnDsuHbzAueIpR{|FroCaXptCwp@~sAgiAxf@ufCb\uy@plBYzmD}G`w@kVbnBo~CdtCsuEduAwzBptFu~I`nCcfDxxAigAzrA{TzbFf@ziAk@b}CePflBkl@p}AlCnPjVn{@zp@tuA~KpjCgaF~pBecCrvEufDfg@_jCv`EgrHv{Cy{EteEm_Ev~JoyIneAgv@heAiT~eD_rBphFuoEpwIcjDn{F}gBpsC}n@fvFmcBvtBcZpnAfG|tBss@hoBuyBboDwgDfB}yAzQsfA`Hwd@tc@s`@ls@|g@~l@|~Aa@riAl{@pkC|p@b^ft@gQjaBcf@n}CqqBnwD}YfnA}[~zAkyB~kAwr@`~@wI,510,510,"[6:40,9:55,13:10,15:50,18:15]","[6:40,9:55,13:10,15:50,18:15]","[6:40,9:55,13:10,15:50,18:15]","[6:40,9:55,13:10,15:50,18:15]","[6:40,9:55,13:10,15:50,18:15]","[6:40,9:55,13:10,16:10,18:15]","[6:40,9:55,13:10,16:10,18:15]","[7:00,8:55,12:20,15:08,18:58,21:50]","[7:00,8:55,12:20,15:08,18:58,21:50]","[7:00,8:55,12:20,15:08,18:58,21:50]","[7:00,8:55,12:20,15:08,18:58,21:50]","[7:00,8:55,12:20,15:08,18:58,21:50]","[7:40,8:55,12:20,15:08,18:58,21:50]","[7:40,8:55,12:20,15:08,18:58,21:50]"
Northeast Regional,"New York - Penn Station, NY","Washington - Union Station, DC",q`vwFj`sbM{DiBsEpSqA`E{ArEeEtJiqAffEa^fiAKn_@dRbp@nz@zcCtiAxiEhTvaA~InuAnF~uAzIl^r^pv@zlFfqBhdXh}[`QzP|w@z|@b_@xOdg@nb@tc@vdBlLl}@bHbe@zUtn@d`@lu@nSd`@r\pp@`t@~~Al~@lzAvyChdDv_A~|@xjAzr@lmDrvBtlEdjCn~CldEdrEhkGnaCpdDprD|bFtnEd~GpqB~|CxlBpjCry@lmA``@~_@bh@nUfbBza@txArl@`bAp~@xqCndD|fBtwAvq@dsAtQ~o@`Op}Ad_@z{E|c@reA|fArrBrfB|qEz[rZbhAn|B~j@h}Ald@z|@xq@nuAtZrv@hZzqAjXjfBrPng@hSh]iI|~AmJnxAOr|@vc@rcBbbAjyCvjAlwBtSbWzLWbJaOjNwn@lVgVlVyP`d@hF`WrSdPri@~KjdAnj@x|@r~A~fCtm@`iA|Kvy@~Pxg@~NdSn~@pjCdd@dxA`n@lyA~Yzk@~Xj[lrAvs@b_@pb@xl@doBtt@vlBxjDtnJhzAbvAlhAzmB|gAbcAh|Adu@|SdQbMnZfV|rB|u@nqBv^n{@fDz^eOlo@_BdV|FpRz|Ab{An^v}@z[puAr\duD`R|dBnf@huArfBbiItoBj_JvQl^jk@`p@vhAljAxoCpjDpdAdxBva@vyBbFl^Gly@iMp`Dug@hbCTjn@rV~cAvPte@jZ|_@lhBfpBlYp_AzUxoBtJviCjIfoAvPvj@vy@~}Dz_@hnB|Ilb@nWzl@rlArnAjm@vuA~p@xtBrTdp@fTvZr|Atx@nxCjrCtpA~pApt@dy@lu@juAhv@~~B|pBvjGny@tiC`r@twBbVtm@nb@v`@jyCp|Brt@fx@l\tk@v`@biArj@joClk@|sClPzy@lDjk@yBxtApMhx@hd@tm@lt@|f@dVnb@hQhn@r_@biBnLr}AzDlsAcGr_@_Qlg@{Hbd@zA`xAwWjm@xAxeBkJxc@gQr]iAzL`A~Khl@t~@|BrPb@nt@rClQjThLtVjDx]jn@nc@v}@f|@fl@hfApw@zYnRda@fIn_BpA|zAxMzu@jEbuAdO~p@oPrn@oKf_B|Tr_AzF|z@XlrAH`bAuIjcEbo@vq@vVpe@z]~s@~fAz`@~`@zx@fg@f~@rYtw@nx@`x@to@bx@pk@paAzyAdr@zyArrBpwEf{@`rBjp@xjA~Yl\h~@rp@xxAjtB~y@zbAzf@by@rK|d@fEts@_HriEqBzaCfh@v_CjKxRfXlJrm@|IxE|G,215,215,"[3:25,4:40,5:30,7:05,8:10,9:35,10:35,11:35,12:35,14:02,15:05,15:35,16:05,16:42,17:39,18:25,19:40,21:10,22:05]","[3:25,4:40,5:30,7:05,8:10,9:35,10:35,11:35,12:35,14:02,15:05,15:35,16:05,16:42,17:39,18:25,19:40,21:10,22:05]","[3:25,4:40,5:30,7:05,8:10,9:35,10:35,11:35,12:35,14:02,15:05,15:35,16:05,16:42,17:39,18:25,19:40,21:10,22:05]","[3:25,4:40,5:30,7:05,8:10,9:35,10:35,11:35,12:35,14:02,15:05,15:35,16:05,16:42,17:39,18:25,19:40,21:10,22:05]","[3:25,4:40,5:30,7:05,8:10,9:35,10:35,11:35,12:35,14:02,15:05,15:35,16:05,16:42,17:39,18:25,19:40,21:10,22:05]","[3:00,6:45,8:05,9:05,9:09,9:47,11:05,12:50,13:17,14:05,15:04,16:05,20:01,21:05,23:05]","[3:00,8:05,9:05,9:09,9:47,11:05,12:05,12:55,13:17,14:05,15:04,16:05,17:05,20:01,21:05,22:05,23:05]","[3:15,4:00,4:45,5:30,6:30,7:25,8:40,9:20,10:10,11:10,12:05,13:05,14:05,15:05,16:02,17:05,18:05,19:10,22:10]","[3:15,4:00,4:45,5:30,6:30,7:25,8:40,9:20,10:10,11:10,12:05,13:05,14:05,15:05,16:02,17:05,18:05,19:10,22:10]","[3:15,4:00,4:45,5:30,6:30,7:25,8:40,9:20,10:10,11:10,12:05,13:05,14:05,15:05,16:02,17:05,18:05,19:10,22:10]","[3:15,4:00,4:45,5:30,6:30,7:25,8:40,9:20,10:10,11:10,12:05,13:05,14:05,15:05,15:30,16:02,17:05,18:05,19:10,22:10]","[3:15,4:00,4:45,5:30,6:30,7:25,8:40,9:20,10:10,11:10,12:05,13:05,14:05,15:05,15:30,16:02,17:05,18:05,19:10,22:10]","[3:15,5:25,6:20,8:10,9:25,10:20,11:25,12:25,13:05,14:20,15:25,16:20,16:25,17:20,19:20,22:10]","[3:15,5:25,6:20,8:10,9:25,10:20,11:25,12:25,13:25,14:20,15:25,16:20,16:25,17:20,19:20,22:10]"
Acela,"New York - Penn Station, NY","Washington - Union Station, DC",q`vwFj`sbM{DiBsEpSqA`E{ArEeEtJiqAffEa^fiAKn_@dRbp@nz@zcCtiAxiEhTvaA~InuAnF~uAzIl^r^pv@zlFfqBhdXh}[`QzP|w@z|@b_@xOdg@nb@tc@vdBlLl}@bHbe@zUtn@d`@lu@nSd`@r\pp@`t@~~Al~@lzAvyChdDv_A~|@xjAzr@lmDrvBtlEdjCn~CldEdrEhkGnaCpdDprD|bFtnEd~GpqB~|CxlBpjCry@lmA``@~_@bh@nUfbBza@txArl@`bAp~@xqCndD|fBtwAvq@dsAtQ~o@`Op}Ad_@z{E|c@reA|fArrBrfB|qEz[rZbhAn|B~j@h}Ald@z|@xq@nuAtZrv@hZzqAjXjfBrPng@hSh]iI|~AmJnxAOr|@vc@rcBbbAjyCvjAlwBtSbWzLWbJaOjNwn@lVgVlVyP`d@hF`WrSdPri@~KjdAnj@x|@r~A~fCtm@`iA|Kvy@~Pxg@~NdSn~@pjCdd@dxA`n@lyA~Yzk@~Xj[lrAvs@b_@pb@xl@doBtt@vlBxjDtnJhzAbvAlhAzmB|gAbcAh|Adu@|SdQbMnZfV|rB|u@nqBv^n{@fDz^eOlo@_BdV|FpRz|Ab{An^v}@z[puAr\duD`R|dBnf@huArfBbiItoBj_JvQl^jk@`p@vhAljAxoCpjDpdAdxBva@vyBbFl^Gly@iMp`Dug@hbCTjn@rV~cAvPte@jZ|_@lhBfpBlYp_AzUxoBtJviCjIfoAvPvj@vy@~}Dz_@hnB|Ilb@nWzl@rlArnAjm@vuA~p@xtBrTdp@fTvZr|Atx@nxCjrCtpA~pApt@dy@lu@juAhv@~~B|pBvjGny@tiC`r@twBbVtm@nb@v`@jyCp|Brt@fx@l\tk@v`@biArj@joClk@|sClPzy@lDjk@yBxtApMhx@hd@tm@lt@|f@dVnb@hQhn@r_@biBnLr}AzDlsAcGr_@_Qlg@{Hbd@zA`xAwWjm@xAxeBkJxc@gQr]iAzL`A~Khl@t~@|BrPb@nt@rClQjThLtVjDx]jn@nc@v}@f|@fl@hfApw@zYnRda@fIn_BpA|zAxMzu@jEbuAdO~p@oPrn@oKf_B|Tr_AzF|z@XlrAH`bAuIjcEbo@vq@vVpe@z]~s@~fAz`@~`@zx@fg@f~@rYtw@nx@`x@to@bx@pk@paAzyAdr@zyArrBpwEf{@`rBjp@xjA~Yl\h~@rp@xxAjtB~y@zbAzf@by@rK|d@fEts@_HriEqBzaCfh@v_CjKxRfXlJrm@|IxE|G,175,175,"[6:00,7:00,8:00,9:00,10:00,11:00,12:00,13:00,14:00,15:00,16:00,17:00,18:00,19:00,20:13,21:05]","[6:00,7:00,8:00,9:00,10:00,11:00,12:00,13:00,14:00,15:00,16:00,17:00,18:00,19:00,20:13,21:05]","[6:00,7:00,8:00,9:00,10:00,11:00,12:00,13:00,14:00,15:00,16:00,17:00,18:00,19:00,20:13,21:05]","[6:00,7:00,8:00,9:00,10:00,11:00,12:00,13:00,14:00,15:00,16:00,17:00,18:00,19:00,20:13,21:05]","[6:00,7:00,8:00,9:00,10:00,11:00,12:00,13:00,14:00,15:00,16:00,17:00,18:00,19:00,20:13,21:05]","[8:00,10:00,12:00,15:00]","[9:00,12:00,13:00,15:00,16:00,17:00,19:00,20:00,21:00]","[5:00,6:00,7:00,8:00,9:00,10:00,11:00,12:00,13:00,14:00,15:00,16:00,17:00,18:00,19:00,20:00]","[5:00,6:00,7:00,8:00,9:00,10:00,11:00,12:00,13:00,14:00,15:00,16:00,17:00,18:00,19:00,20:00]","[5:00,6:00,7:00,8:00,9:00,10:00,11:00,12:00,13:00,14:00,15:00,16:00,17:00,18:00,19:00,20:00]","[5:00,6:00,7:00,8:00,9:00,10:00,11:00,12:00,13:00,14:00,15:00,16:00,17:00,18:00,19:00,20:00]","[5:00,6:00,7:00,8:00,9:00,10:00,11:00,12:00,13:00,14:00,15:00,16:00,17:00,18:00,19:00,20:00]","[8:00,10:00,13:00,16:00]","[8:00,11:00,13:00,14:00,15:00,16:00,17:00,18:00,20:00]"
Northeast Regional,"Boston - South Station, MA","Washington - Union Station, DC",}|naGr~tpLre@pSeFpq@~j@tqBn}AnuAnvB`gAvtCfx@dyGd{Al{F|xBjcEb@`jB|h@`w@r|@r|AxxA``Fx}@pgFxnAx`QjtKzoDz{BhiCpcBzj@bsDlq@dqGtx@rZtgDzfCzvAbv@zmAoTjVptA`gA~sAlpAua@puAmnA|`GbqAdfHjjB~sEed@drV`kKv|Fx`CvdEhwHbbDdsIw^dxBr_AdkCnq@|~DpvAl|@|uDdwH~[xqDyAzaCh]ryAntBjsAtaBxkF`y@d~AgPdu@tDxdDcQrbBet@phA|HdfAtg@zi@j`B~eAdB`nBs~AzdDyv@f|CgtA~jC`^pxAzf@aI~cAt\`k@z|@eMrpBb\jhBdfAvn@~S~eBin@p{Anq@tpC`mAnhBjbA`wGqZ~pGemAfpDpm@pbEh|AdbJgGh|D~l@~rAzd@n{C_]rnFov@zhDbj@`}MleBhcOmv@doJ{KtoDwR~xDeRnkEgs@~n@qfBiI_bAjCsWlm@tr@dsB~t@|fBheBtdB|bCzjE`qGriLri@v|DhqBzyI`yA|xDhCjaEjwAxWdm@|kG~cC|vEplBppG`Gd~Eb}AftHnhBz_EzgAty@~G~aDdu@`rEeCn|B`gAti@xuA~~C|z@zxAfXlsEduAd_GnvBlxD`hB|yChvAlqD~tJfnLjuGjvDx`CdvGjtAbdC``Afm@nwA|iBxqAr|AvvBm{Ax|@mb@lt@tRdl@|nE~JlsEmjArwDm~Av|Hn}@jiCzkBleIfk@niEjJtPdkFxnBdaXhy[hDtE|`@h]bZna@bZrTvk@zYjm@nmB`]zuBn{An}C|wAn{ClwHhwHftJx{FdaHp|IdmJ~oMtsO~jUhlFl`CfmIp~Hz~Aj{Dhc@fbGrcAbdCnxEl|Jn~Cr}GluBrtHqR~rFx_A|xDxiAhkCpoAtrAd`@mgAdw@kYtbA`|BpcClcEzxAd~DvcEbgKd|Bv|Azg@pxAfkBjfFtpBfzFvvAd`B|yDntExfBvhAnUzkBv_BxxE}N~xApiAtjA`lAnuC|bAlsIfdF~{TvqFtgHpnCf}FlIzlGs]~|FnoDvuFjbAfgKhuA|tGptCvmFf_Bl|Ez~C|xB`yFhaGjhEfvLjoBhiGf`EdlEfqBv_CpeB|oHncAtlIrbBncBdx@paEaWldF_s@zoIpt@|yCzd@`UpbAlcB|~BpfBryC~i@~gFbe@j_B}[pwDb\zaJlYjwBpq@dxAlnBt~EjdDriChgCpcFxfL~|GvxIrcAziCqF~tJhw@~cCbs@dLzRrL,540,540,"[11:15,13:40,15:05,17:35]","[11:15,13:40,15:05,17:35]","[11:15,13:40,15:05,17:35]","[11:15,13:40,15:05,17:35]","[11:15,13:40,15:05,17:35]","[9:45,11:40,13:40,15:20,16:35,18:40]","[9:45,12:15,13:40,15:20,17:40,18:40]","[3:15,4:45,7:25,16:02]","[3:15,4:45,7:25,16:02]","[3:15,4:45,7:25,16:02]","[3:15,4:45,7:25,16:02]","[3:15,4:45,7:25,16:02]","[3:15,5:25,6:20,15:25]","[3:15,5:25,6:20,13:25,15:25,17:20]"
Acela,"Boston - South Station, MA","Washington - Union Station, DC",}|naGr~tpLre@pSeFpq@~j@tqBn}AnuAnvB`gAvtCfx@dyGd{Al{F|xBjcEb@`jB|h@`w@r|@r|AxxA``Fx}@pgFxnAx`QjtKzoDz{BhiCpcBzj@bsDlq@dqGtx@rZtgDzfCzvAbv@zmAoTjVptA`gA~sAlpAua@puAmnA|`GbqAdfHjjB~sEed@drV`kKv|Fx`CvdEhwHbbDdsIw^dxBr_AdkCnq@|~DpvAl|@|uDdwH~[xqDyAzaCh]ryAntBjsAtaBxkF`y@d~AgPdu@tDxdDcQrbBet@phA|HdfAtg@zi@j`B~eAdB`nBs~AzdDyv@f|CgtA~jC`^pxAzf@aI~cAt\`k@z|@eMrpBb\jhBdfAvn@~S~eBin@p{Anq@tpC`mAnhBjbA`wGqZ~pGemAfpDpm@pbEh|AdbJgGh|D~l@~rAzd@n{C_]rnFov@zhDbj@`}MleBhcOmv@doJ{KtoDwR~xDeRnkEgs@~n@qfBiI_bAjCsWlm@tr@dsB~t@|fBheBtdB|bCzjE`qGriLri@v|DhqBzyI`yA|xDhCjaEjwAxWdm@|kG~cC|vEplBppG`Gd~Eb}AftHnhBz_EzgAty@~G~aDdu@`rEeCn|B`gAti@xuA~~C|z@zxAfXlsEduAd_GnvBlxD`hB|yChvAlqD~tJfnLjuGjvDx`CdvGjtAbdC``Afm@nwA|iBxqAr|AvvBm{Ax|@mb@lt@tRdl@|nE~JlsEmjArwDm~Av|Hn}@jiCzkBleIfk@niEjJtPdkFxnBdaXhy[hDtE|`@h]bZna@bZrTvk@zYjm@nmB`]zuBn{An}C|wAn{ClwHhwHftJx{FdaHp|IdmJ~oMtsO~jUhlFl`CfmIp~Hz~Aj{Dhc@fbGrcAbdCnxEl|Jn~Cr}GluBrtHqR~rFx_A|xDxiAhkCpoAtrAd`@mgAdw@kYtbA`|BpcClcEzxAd~DvcEbgKd|Bv|Azg@pxAfkBjfFtpBfzFvvAd`B|yDntExfBvhAnUzkBv_BxxE}N~xApiAtjA`lAnuC|bAlsIfdF~{TvqFtgHpnCf}FlIzlGs]~|FnoDvuFjbAfgKhuA|tGptCvmFf_Bl|Ez~C|xB`yFhaGjhEfvLjoBhiGf`EdlEfqBv_CpeB|oHncAtlIrbBncBdx@paEaWldF_s@zoIpt@|yCzd@`UpbAlcB|~BpfBryC~i@~gFbe@j_B}[pwDb\zaJlYjwBpq@dxAlnBt~EjdDriChgCpcFxfL~|GvxIrcAziCqF~tJhw@~cCbs@dLzRrL,540,398,"[7:15,9:10,11:05,12:10,13:05,15:10,16:15,17:20]","[7:15,9:10,11:05,12:10,13:05,15:10,16:15,17:20]","[7:15,9:10,11:05,12:10,13:05,15:10,16:15,17:20]","[7:15,9:10,11:05,12:10,13:05,15:10,16:15,17:20]","[7:15,9:10,11:05,12:10,13:05,15:10,16:15,17:20]","[8:10,11:00]","[11:00,12:10,13:10,15:00,16:05,17:05]]","[5:00,7:00,9:00,10:00,12:00,13:00,14:00,15:00,16:00]","[5:00,7:00,9:00,10:00,12:00,13:00,14:00,15:00,16:00]","[5:00,7:00,9:00,10:00,12:00,13:00,14:00,15:00,16:00]","[5:00,7:00,9:00,10:00,12:00,13:00,14:00,15:00,16:00]","[5:00,7:00,9:00,10:00,12:00,13:00,14:00,15:00,16:00]","[8:00,13:00]","[8:00,11:00,13:00,14:00,15:00,16:00]"
Northeast Regional,"Boston - South Station, MA","New York - Penn Station, NY",}|naGr~tpLre@pSeFpq@Urt@tk@`|@hm@nv@do@~]nvB`gAnhArn@fkArHr|AnQ`lBfb@nnAle@r}Bf|@x|Bt{@v}A|FrdByErk@Jl}@ph@`w@r|@r|AxxA~wAlj@`gCjRzzB`UtkBvx@dzFnmDreIzeFzoDz{BhiCpcBzj@bsDlq@dqGtOxT~g@xDtp@deA~uBt`AzvAbv@zmAoT~Qjh@jCdk@~Q|v@`t@`\pz@bGzTyi@fd@kp@hp@a]~`B`W|~C`y@dfHjjB`j@rJv\sIbq@iX`yA{Kna@zGpq@rf@lfChlAtuOfmGv|Fx`CvdEhwHjpCplFvPreBw^dxBr_AdkCnq@|~DvUn^x_A|\d]lU|i@dtAvcAhvC`h@ft@vWd_AfCrqByAzaCh]ryAdp@pZxn@fZnSp\rJ~kB`vAx~B`y@d~AgPdu@mUfdAb[p_Bx@z_A}Rva@et@phA_Eb]|N`h@tg@zi@nj@~Qzt@~r@fRvx@aOht@s~AzdDiXbhBo]bs@cR~[}U`Kej@|aBfH~mAxTpI`RqTxSnJvg@`Rf[rIpb@pTnGhg@eMrpBN~j@r[j|@dfAvn@~S~eBin@p{AdJ~z@hf@ttAjf@ncAte@~c@lXdbC|h@zsCvCtyBcVzx@eHl|AemAfpDeEtwAvs@ziBpv@vmCvd@lsEgGh|D~l@~rAzd@n{C_]rnFov@zhDla@hcEtGvxGvz@fkHjc@xvAhEf_Cx@n|@eWzcB{[nwBeChtA{KtoDnIlkBg]plAgSdaA`@hiCgs@~n@qfBiI_bAjCsWlm@vJl{@|f@vv@xQpj@rFd_@pZd[~r@p\hq@bgAz_ArwA`i@|q@~Wh_Af}ChmExrBh{EnE~rBbc@vhAxk@~cC~[xoBng@`dBpr@nhAfe@tcAFvj@kDreBtHvzA`p@pGj]Q|GxOzDd}@~EhlAlJ~sAzTlk@|cBjxB`_@p}AvAj~@p]r}@fkAprCjV`fBiNbwBzWjdDfdAznCnq@plC~u@hr@np@dWjVna@~G~aDzMvrBt\lm@rHzo@eCn|BjYf[tl@lMpp@`cAfd@|zAzc@d`@`Vtw@fXlsEhw@rcDdDvs@tWxe@dv@hbAvOv`Apn@js@zbAfiAdd@toA~~@lcBhV~lAl~EvdGh}AnnBfw@~x@juGjvDfVrz@vRbz@~d@xc@h`@rh@nN~pArTd|@~Ppc@vl@jb@hf@pMvXt^|t@|}@pa@~j@xqAr|Ahb@KlsAa{Ax|@mb@lt@tRdl@|nE`XbaAaLhqCo@jC{h@dbB?tT,245,245,[18:45],[18:45],[18:45],[18:45],[18:45],[],[],[],[],[],[],[],[],[]
Northeast Regional,"Springfield, MA","Washington - Union Station, DC",my~_GrhazLhS`Tph@cs@buAap@v`@vG`h@li@bzGf~@z|Cfe@z`AsUhoGpc@pQvyA|rA`d@fcFzJhfA_E`qAzh@vsBdp@hl@rQ~|Bc@deF|uCpzAdjA`^hi@hYleAjhAz{@vvEhjDl`CzkAliEvXleAUxcB~pA~sAlTxwB}X~eCbaAxb@~ZnoExsBljDnzAvw@vL~nAsb@lrAbQj{L|pEzeDzxD`lFboB~cClHbq@~}@dMzq@`z@|w@fwAjiBrzAvpB|{Ax{CdoC~jEj|@|tBfF`zAbJl`Anm@nkBxq@fhD`mArfDft@bpAtArbB~BpuCfxAhTza@j`GdnC`lEnIboBdu@|wAjr@hpBpDjxCfKteDn}@|fDhoAxyDroAjx@pk@dbBpAlbDj\dsAlMvcC|SnrAtcAb]rq@`bBtl@nfA`r@xeC~Rj{Dhp@b`Dj|A|tCv_@jfAbk@vc@vr@bwAvfB|`EbfCnoD~aF|zFtt@jw@|pDnjBvcAjq@dXfz@dc@tsAbv@ft@hd@noClx@beAla@hIh`AtaApe@hw@nxAdfBl[bTxhAwgA``A}l@~aAeI|l@xbDxg@l{BaLhqCu~@r_DkuB~~Gxn@rfCfzBtbIl\`uEhtAjpBrrBzeBjcGpkDriF`aFdgDzuDvmGhjJrnAfy@tm@bnBrU|dBvaBhlDltCreFfiG~wFhwGp_EfoDbzCxwGjcJjaNhtRpbHfeKd~@zoAfcCh}@viC|fA`gEd_FrlB~`Bli@bqAvbArqJltEv|JdeG~oMlp@lyDh]r}@oOf~BdFlkCp`@~zAbeAluClfArjB|ZxItPwm@do@ys@xw@jJp`@|hA`hAbpCh_C`wE~cDjmJ~sBleCjsAdsAjdB|_FpoDbhJpaE|~EnaCxtAnYps@d~An|F~KvaAsOpp@jwBzsCnqAfhJt_EhqQp|Ad}FnbChjCxaDnnEflAt_FmVrtFsa@`{Bfb@nrBfwAzfB|cAnyAfWbxAxY|aGt~AliHj^hgBhnB|eCtaBt|EthClpB`tF|rFn}AdpCf|BxbHdbAn~Cd{@lmChm@r{An_CvhB~xB`yBxdBhrGnw@niFtP`jCf_BbyAncArhEtKx_Dy]rkAkNjjCmGx`C_^j_Adq@t{A|@pdAt^|Z~eAb}AvxBzeBtx@ji@fyAlGv`EnXzsAjJjz@sWvrC~VreE|@b`C~F|}@nOhyBhn@vwAhlBt|EddDzkCpbCrcB|pD~aC`yFrlBhpC|qDbnEfeAhhCcG`uJnw@|fC`s@lLrSvL,430,430,[5:55],[5:55],[5:55],[5:55],[5:55],[6:00],[6:00],[15:05],[15:05],[15:05],[15:05],"[15:05,17:05]","[12:25,16:25]",[12:25]
Acela,"Boston - South Station, MA","New York - Penn Station, NY",}|naGr~tpLre@pSeFpq@Urt@tk@`|@hm@nv@do@~]nvB`gAnhArn@fkArHr|AnQ`lBfb@nnAle@r}Bf|@x|Bt{@v}A|FrdByErk@Jl}@ph@`w@r|@r|AxxA~wAlj@`gCjRzzB`UtkBvx@dzFnmDreIzeFzoDz{BhiCpcBzj@bsDlq@dqGtOxT~g@xDtp@deA~uBt`AzvAbv@zmAoT~Qjh@jCdk@~Q|v@`t@`\pz@bGzTyi@fd@kp@hp@a]~`B`W|~C`y@dfHjjB`j@rJv\sIbq@iX`yA{Kna@zGpq@rf@lfChlAtuOfmGv|Fx`CvdEhwHjpCplFvPreBw^dxBr_AdkCnq@|~DvUn^x_A|\d]lU|i@dtAvcAhvC`h@ft@vWd_AfCrqByAzaCh]ryAdp@pZxn@fZnSp\rJ~kB`vAx~B`y@d~AgPdu@mUfdAb[p_Bx@z_A}Rva@et@phA_Eb]|N`h@tg@zi@nj@~Qzt@~r@fRvx@aOht@s~AzdDiXbhBo]bs@cR~[}U`Kej@|aBfH~mAxTpI`RqTxSnJvg@`Rf[rIpb@pTnGhg@eMrpBN~j@r[j|@dfAvn@~S~eBin@p{AdJ~z@hf@ttAjf@ncAte@~c@lXdbC|h@zsCvCtyBcVzx@eHl|AemAfpDeEtwAvs@ziBpv@vmCvd@lsEgGh|D~l@~rAzd@n{C_]rnFov@zhDla@hcEtGvxGvz@fkHjc@xvAhEf_Cx@n|@eWzcB{[nwBeChtA{KtoDnIlkBg]plAgSdaA`@hiCgs@~n@qfBiI_bAjCsWlm@vJl{@|f@vv@xQpj@rFd_@pZd[~r@p\hq@bgAz_ArwA`i@|q@~Wh_Af}ChmExrBh{EnE~rBbc@vhAxk@~cC~[xoBng@`dBpr@nhAfe@tcAFvj@kDreBtHvzA`p@pGj]Q|GxOzDd}@~EhlAlJ~sAzTlk@|cBjxB`_@p}AvAj~@p]r}@fkAprCjV`fBiNbwBzWjdDfdAznCnq@plC~u@hr@np@dWjVna@~G~aDzMvrBt\lm@rHzo@eCn|BjYf[tl@lMpp@`cAfd@|zAzc@d`@`Vtw@fXlsEhw@rcDdDvs@tWxe@dv@hbAvOv`Apn@js@zbAfiAdd@toA~~@lcBhV~lAl~EvdGh}AnnBfw@~x@juGjvDfVrz@vRbz@~d@xc@h`@rh@nN~pArTd|@~Ppc@vl@jb@hf@pMvXt^|t@|}@pa@~j@xqAr|Ahb@KlsAa{Ax|@mb@lt@tRdl@|nE`XbaAaLhqCo@jC{h@dbB?tT,225,225,[],[],[],[],[],[],[],[6:15],[6:15],[6:15],[6:15],[6:15],[8:00],[8:00]
Northeast Regional,"Boston - South Station, MA","Newport News, VA",}|naGr~tpLl^bfAniCdhElfPn|El{F|xBjcEb@v_Gj`ErhMrmCx`QjtKzoDz{BhiCpcBzj@bsDlq@dqGtx@rZtgDzfCveDr`@fdAbaDbeBqGfyAy~ApmGltAfvHxoBlgE{l@lnYr_MleD~_BhdE`aInlCdeIbm@~{G|lCh{E`tDr_IrMtrHxc@zrAjrBjdB`{BdaGc@fyBhShiE_oA|`Chy@lfBpaBfkAoFrsB{bF~{M`jAr{@zbAzWrWjpDpfBvxCe\xcEjbCjxFlbAnzGa_@trGolAvoDds@~eEdcDdiWcvA|zKrm@xbNdeBbdOuu@r|Jag@dwIsPjiEglDtYefAj}@hx@dsBbcIhhMn{CbvEnnApaFjv@fhDvzDj}NlA|`D~wAhSpa@d`G`oCvkE~}@fgEjbCdwQ|nA|{D~~Bp}Ch`AzmM|vBv|BdaBvqEfdAz{I`|A~tCf_CfbEdkFroJnlMnbLxwD|sF~^|aC~_Bp_BxgBbzB`xAveBzhFgjBjm@~~Cdh@t}BejA~pHyuBb|Gbi@baCh}BngIlsBnlIjvJdrGdpKxuKxhKffO~mDdyJfaEjqFdcTxkPvvJb|Mj|Pv}Vp{CbsDnqIp|E~cFluFrjAplJtsJpkT`sC|iIrs@tpLzoCd`Hve@ne@tb@ofAjiBj@zmEdiJpbCptHz{EryGhaGdhPrcKlvKfnBftJnhDvsK|wCxeOtpB`pJlaCnxDp|Fp_JoJjqLle@foEvcCltCjm@vqE`{AdpKbdAdcEzwEbhJfxLzxLhoI`wUvmGhrHrgBp}MzqCn~Efj@|{Hez@naJne@|pEnjAr`AzzFt`EjwKbInrJtRrzGvgBfzJtbIlfFlkKtdHdhKt~AzxBzGrcHhrAhcHbaC~p@^|{BjpCdfBhzCkGdxDdhBz[btIjc@plEn}At`@dlBbgBtxKj{HzeF|sCrcJ|r@twCr|@~xAeUrfBr~AfiFjuDzuF`_BxkCph@|jFbxEhkC|uAxWtnA`dEzdCtiA`gFdhEeLvgA`qAdiEse@xoC{oB~rDnMrjB~MfoCvrBv{LusJx}FqoCrpDq@~cJanA|iB~j@lEhuEyDf|D`~B`iArl@je@hh@hkAf|Ci@zqF}g@p|JnhA|yRj~DdiL`CfnEodBh{F_lGjn@saBhaBzK~yBejBnq@_oCtyBozU`wAiuEqSyeDog@{}Dl}A{_FziCynQn~CyySzmCooMnu@ikCoZ{bFhdAmcEbgEmxBf|KugGlt@wkDzbKggRl~NgkLnpSqmL,825,825,"[17:20,6:10,21:30]","[17:20,6:10,21:30]","[17:20,6:10,21:30]","[17:20,6:10,21:30]","[17:20,6:10,9:20,21:30]","[17:20,8:34,21:30]","[17:20,8:34,21:30]",[9:15],[9:15],[9:15],[9:15],[9:15],[8:30],[8:30]
Northeast Regional,"Boston - South Station, MA","Richmond, VA",}|naGr~tpLl^bfA~j@tqBn}AnuAflGh`CdyGd{Al{F|xBjcEb@bbDpfBr|AxxArhMrmCx`QjtKzoDz{BhiCpcBzj@bsDlq@dqGtx@rZtgDzfCveDr`@l~ApiDlpAua@puAmnA|`GbqAdfHjjB~sEed@drV`kKv|Fx`CtmE~eIxxCxgIg^jwBx`AzlCzq@j~DtwA`z@fxDd|H~SxpHj_@nyAvsBttAjdBdnFj_@huChJtnD{iAp_Dnt@dmBz`BdgALpoB}~AfiD_jCxcHd`@btAdg@iD`dArZth@x~@qMloB`eBpxC}ZrcEbaCzxF`cAzzGq]xoGslA|mDhl@x}DdmAvnFji@dkJ~p@ldD_ZhoF{o@p|CzVboLplBfnPgv@~iJcMjwJkYjbEejB~qAgoCnSxc@fuBlk@biBr_FrvFblFxgJvnAlqGrcFnmOaAtkE|y@~w@xl@t`AvKhoCtlC|uEny@drEv}A~bFjLz}HbmBf~Fn|BzfB`}@zvNbuBvhBfbBpoDzpAbyJtuA|lD|`CdvDptEtvJniJj{JljE`aCj|@|nCztCzjGjjEpqEpjAdg@fqCo~BxdA`cBxg@~rI{iDjuNrfCtlIdtBzxJbfJtkG~zKxsK|oKdfNnnGjjPrvSbpO|u`@ntj@z|CftDjmHltDvkG~eHpfAbgJlwJtoTjoC|dIrh@zoD~MliGxkC|tGni@fc@r`@}fAdn@o`@py@vg@pw@tnCltCxvEpcCjwHt~ErzGpbG~oPb~C~eEl`FzeEnkB~sJ|`AvtBljBziHvzC~hOxqBhsJzcCnlDr|F~wJbKbhGcc@ppC`k@bhEjeCrzClj@dtEtzAtfKfjAriE|xEnfJ`~F~tEtwDvjFh_FzmOfoBv~DbvChzBnuBrcErbBloM`vCbkF|b@lqHqz@rbJlj@rlEriAx_AheBvlB`wCbqAhoDxPdlF{DrbKhU|cG~eBf|J`dIbeFplK~kHtqKnvAtnBpAz|Jv{AfgEtb@fFaGh{Arj@nAhItgAfm@hBdRhOni@v{@`b@hqBhoDlrCt}Cf}I|iCpkEf{Bdl@zaErl@tiD|vDxkEljAl_A|pCtVzlBj_Fd|BxaLp_H|nGvvEfaGf~ChuDx~@hiEhjB`fNzfLlmC~`AvlHp`AtkDmxA~sCgFrfJnr@|~Ejq@hzClLvuF{pAz`Hib@njGin@trEa`C`{EsdAd}Ium@xaJto@jxL}hAfxG|@rpDpXlbC{k@toChjBtdBtm@|oAibBbiAwLvgAofCppAaD,624,624,[9:20],[9:20],[9:20],[9:20],[],[6:40],[6:40],"[6:00,7:00]","[6:00,7:00]","[6:00,7:00]","[6:00,7:00]","[6:00,7:00]","[6:35, 7:35]",[6:35]
Northeast Regional,"New York - Penn Station, NY","Norfolk, VA",q`vwFj`sbMmiBzoFm^viBdRbp@nz@zcCtiAxiExf@foFbmAtzB|rJfsGjnKvmKttFbrIfxCn}Cv~A~cG~kApaCbiDrcFr{HtfGnwC`hBlhE~kDpvF~xHn~CniExzPp}VzrCjtDfxGpqCfdHppHvsAzrIp\|wBbsCxeG`wDhcId}CtgInv@zwDi@rhGdrCzlHd]ni@di@kx@fm@ij@z{@`Srj@rfCb`D`aF`gBjlF~zAnoEzjCtkCngBfbEj_CzhGfqBnkEnoAntA~oBhhCpwB`lAju@fvDpiAb|DeNhq@`f@zt@xuAzeB`k@f`DbeCl~M~lBfiJf`BpzEtfH`kJ~u@nlEi^dqFaZltB|f@bpBnaC|nCxp@lwC`iAl~JlnAlgGjtBllCt}AbzEpaDp_CdrFpwFnjG~hQnhBh{Eh_GbrFfcBbfHhh@dxEp[v|BfbBz`BpbAb~Ieu@zvIa]fbAvt@||CncAdu@pzA~qBz}Bt}AlrDlNrvCn[r`B_[p{IhYx~Dr[bwBtp@twD~lDzhE`}C|cFj{JbkB`gE~fDblDxvB~wChT`jEeDrzFnw@|fCvtCxb@Fn}BrmCr|BlvAtMxgAaVhfAz@pnBnvAtB~pEzWbxB|gAd}FhyBr^jh@jgAzbFvzBpkAbmCvpAfq@xfDxm@`gAx{Ax`Clk@dnEvNnsDpiAl|AmTlwAl`AhfF`jDhrCnlAvnBdq@`yBde@peBjhAprBb~BhzBlu@~mAb|Ab}@|yAp~BhdAlu@zeCr]dmB~vDrBffA|Aj[zz@|q@nTlfBcR`sDuwCzvAht@deAwLhkB}Tx}Cj`ChkBiRtdFwnFzjG_rEhoDue@tsAnBfjCkSrfEix@f_CqFb`@pg@bLxuCq\bsChm@~qCddCvu@je@`jAbo@|l@hvAgOn{Fcp@vwCaL~}B~f@hdUb{E|vGvn@xpCcBhoF{oBtmD}zBt`BilCeCkdAxb@{h@ziBhNb{B{jBtv@{dC``BotQbiBalI`GmfCg}@yaFxvA_`Fl~ByfPhsCs`TxhBocE{@_~@}GchAxjAuiDpz@ipCmw@wtCfLmiAb|@obAbOg~Bha@iz@`{CigAzvC_jCx|FqrBvp@{kAxNo~ApuE__Hnz@wjClfBmxCdmA{}BzqBayAziHmjFr{Ki_HxgFeoCniAaa@`nBkw@rpB}s@e~Bw_E{kDumDQuaAlRmZ_Jw|A|]skAjx@ua@zkEg{Cr_BwWjOo~@le@kmC|oA`FfbDb\~xDnp@lpC|]d~@~LxUcc@tQbKcBrT,544,544,[11:35],[11:35],[11:35],[11:35],[11:35],[15:04],[],[6:10],[6:10],[6:10],[6:10],[6:10],[],[]
Northeast Regional,"Springfield, MA","Norfolk, VA",my~_GrhazLfiB{}@r`PvfCz_E`CjsC`EfUro@xg@jjAhwBaCjsExQjhDfrAbwGtw@`xG`fE~]zeBnmD`nCjsDdnCfzC`\lxChLzuA`v@xtB|z@jqFxKvwAveAh{Er`CbtAbi@rf@fPraC_L~eFtsAjfHl`CbvBtyBvvCjrB|iE~bAjkBrh@n]to@|jBl}BnrJh~O`pDdgPhbCvwFkAzpEx]jv@rx@cDfSdpB|jBrhGjfAxqE`kA|yBra@z_F~ZnxF~eBl~Ef|Bb{B~\lyGbd@pyE~qBtlB~aBviDfsAr}JpvBhsGj}Dp`GdoB~bExcFroG`}BjkBvsEhbClw@vfCraCtcGxwCx~BnuClyCnrCabCxgAreAnz@jsFo~D~`RhxBt_Hz`AnnHvbDhdF|}LrhI|pMfzP~~CnuCjrAf{FtfDvyGtnI~bIjzJzcGrnGdvI`uKtbOlcN`nSplG`jChxHr{HhwAbhG~kC|vJdmIdxQ|sBfwH_Sb|FpcA~sD~nAdlCt\xl@|l@Lbg@ecA~|@}Dhr@|dCxlF~kKbhEhcKv|CfkEjeBnrEluE|zIdnFhfFhx@pdD|xA|jEwE|{AfvCtqFh_BtdKzsEv{Sl~GllI~}A`kFsIpuFqKxzFtoDlzFjcA``KlzA~tHdzDtoH~mBxoCz~FlhFbeDf}FbtCn}IblBt|FtlFnqEtvDl~NvD`qCbuAdyArmAzpDhXlaEqa@r~CqSb|DuVv_Adk@jdDfy@dp@voAfuBjbCfeBvcDjQvsQhc@ttH`t@tyDxpDd{EzbDvlB`oCrgFlqLx|Gh_Izb@vkDfg@dnLlpAvf@xPzk@pdAkGzAldA`Rhr@flAvoBwAziAnnB`zApsDjaItoDd}G|lGndAnlFl}ExqDpt@nu@fcA`aAd{EztHn|CvyGzsE~pAjg@|`EvcDh}Jx~Fr{Dls@|vEplBjwKloK~pHdeAveDzS|fBwmA`vKpIpiH|bAzlGpSxiE}|Ar|FgP|nHueA`rFwzCdgLwq@l_BySjuD~v@dqEdHvqHi`AvwIoNfmFbR|bCsj@x_BntBtaB`g@fq@}i@dNqShi@ad@rkBw}Byq@kdCrlA}pBb|AweC}OofB|eA{nOd}@o~UfyBww]reA}qLh|BamGtuEofHpsEezKbxLskMd{Gc_F|mIepHnhAspDnzBweCtvG_tDz`Dq|Bnh@sbDhx@waB|uGohIngDeeFyIueCbTqtBeBmdBx~@gh@zk@|k@~dE_sCr_Bca@r^olDfzDcIxxJt}Ax`CdW,756,756,[],[],[],[],[],[],[8:00],[],[],[],[],[],[],[]
Northeast Regional,"Springfield, MA","Lynchburg, VA",my~_GrhazLz|@a^zvBig@dcIthB`oNds@pQvyA|rA`d@fcFzJjxCzb@vsBdp@hjDnPv`IbaFvaCrlDdxIdwFzoG`XxcB~pAxlEoCxiDb}A|zJhoEvgC{TlrAbQj{L|pEzeDzxD`lFboB~cClHbq@~}@fhAxjBppGzxJfxDntGfZfyCndApqDztBjyHzs@nsEd`@vcCn`Ax]lL`{Ctt@~|BfxAxiBxT~mBh`C`pHaAv|Fp_B`uFhsBblDlw@t}AdB~cDrm@~oEhLf~A~gAv`@dwArcDhz@|dClRf~D`_BtnFzw@hxBj|CppExwAhuDr_GvpHrtBlvBxuGj`Eh~A||C``@z_C`{CreDhcDz~Dd}BehBdhAyVp`@pZb|@xvFm_AvnH_vBfvGvqAn_G``BhtIdr@xfDdkFxnBdaXhy[hDtE|`@h]`g@|n@ngAlt@jrAf{FrqA~fCr_DhiFbcGlkFjzJzcGveMt~Pp}O`tUxcDdtEplG`jChxHr{HhwAbhGxZvwDdpBd~D`rEvtJdpDxlJz}@zlD_Sb|FpsCdaIt\xl@|l@Lbg@ecA~|@}Dhr@|dC|oCpkE~dHvcQnlBxsAfo@lvBjeBnrEluE|zIpkAfqBraD`tBhx@pdD|xA|jEwE|{AfvCtqFh_BtdKzsEv{Sl~GllI~}A`kFsIpuFyg@lcCf[jvBtoDlzFjcA``KlzA~tHdzDtoH~mBxoCz~FlhFbeDf}FbtCn}IblBt|FtlFnqErlBfzF`iAdcGvD`qCbuAdyArmAzpDhXlaEqa@r~CqSb|DuVv_Adk@jdDfy@dp@bsEn{Ef~Kbe@fyIpOttH`t@tyDxpDd{EzbDdzEjwIdzBbiFptCrsCpdC~fD~e@vfDgKlyGho@rwCb~Avb@ziAtl@qNvz@piBv`C|wBxf@biA}P~mDh`Ab\~gCoFl_F~lAflHcYprC`_@thGiZtsG}T~bI~[liDjoA`qD~e@h}FkEziAtsAhr@lvAjtDvov@lceB|xCi@|qEfgB|rTvwLboBrkBtzCd}@r`AfG|F|z@zuBfxKzzEbhKr}AnyDvWzaEk\rsCxqCfyCdu@vxC`gFlhHnuE|xEvkD`aBtmAbxBprBnqIpu@zfCnhCfnB`dGhzGvrCz|Bl_B~kDlkApcCpdGphCl`Czt@jrAjsAf}BpmAruFtmEr{FvsJr}DlgHtq@|iDfiEdwDnlBxgBv{CxsDhgArdDlo@vvAl{B|vAvkC|lBhhBvjEnbCvtBdxAzjBtgBjLl~BjuA|sDoYzgAaP,699,699,[],[],[],[],[],[8:35],[],[],[],[],[],[],[],[]
Northeast Regional,"New York - Penn Station, NY","Lynchburg, VA",q`vwFj`sbMobCngHzOdlBddCpnIld@|lFpoA`wBfjBfeBneGxjDhfF`xEtkDjyDvwFjtI`xAtmAh}@d|A~ZniBd`AfkCjmAvdCvnDneF~bCfdCxvDx|BpgDbsBbwDbeDxvFpyHb~C~hEbxPtyVzrCxqDjkCjx@v{CdlBpqGt}Grl@tcB`e@byFbn@|fCrpCfkG|nDvpH`cBjkDfr@prC|r@vuDmQxnCpS`wBhdAxhD~lAz`C|^lh@~WyOjNwn@zm@ah@b|@|Zhl@bfCp~Cv`FpxBhyGfsArrD~s@fhAlrAvs@zs@npAfl@ppB`nCpjHfjBtmDxiA`sAztB|hCfqBjgApt@jxDneA`dCg@pu@uK|o@rk@nv@twA|uBre@l}C|e@fsEzbBjoG`qB|tJzh@nyBb~@noAluBh~BthDzoFrh@rsEia@fbF_S~oBjh@tjBxcCdqChp@jpD`U~yEb_Af~D~~@roEvxBttCl_Bp{Et_EhxCtcFvqF`yFhwPngB~pE|qCjvBfqB~hCfbBzqHb^ljEpd@luBlcBdlBjr@xvDfDlwCg[tfDuUdm@wCrcCaX~dA|q@rzBbAfYfg@zSj`@vh@dxAfiBhfCj~AlvDlOroC`XjaBs]pwEz]lxCoHh_Efj@baBlq@fuAhkBdmBd~@bvDbyCnxBtuDhsBlxE`kB~}DtnDr{DjiBjgCdMnyEiFllEle@|xBpe@hf@lo@nJjdApFnTv[_Itx@tIlfAhoCngBduAbNrdAkVthAbC~nBnaBjDfkJ|kAv}Ha`@`xBf]zxBeRxaDpMjaDq\|zA}JboEnG|~BdG~oAhq@jlBzn@jqAjOv}Ax]jgC{]dcBtEp_@r`@`FbhBt{B`b@j~Adpu@bieBj{@oFvuCzExdHnfDd}KjqF`fE~yC`cCb{BfoAfa@daAjDbe@lGiBnwAzdAfsGxmA`eEr{EjyIpu@fkB``@vhE{[nvCzb@zv@r_B~wAf\bpAtmA`dDh|BvoChmBdgBn_BfhBnaA|rAjj@xB`mB|mAlq@vc@dn@``A|Wn}AvvBhbJ`]d}@hiApl@huBx`Bh}BtzCzrBpyB`hBvtAhp@nuAl_BbjDf`@dy@~cAxo@juGzjCjpAtb@dl@bs@~hA|NrwCn~C|nC~dBbiBteDnjIzlNlw@rnDbhCnsBrw@xiApo@fiAfcAna@h{A~zAdgCbzD|UdcBxZrp@`_Alh@xt@bw@pbAfz@lkAhh@`mAldBnt@bdC~iC|yBl}@lnAnm@hN~oBfVfuBnpAbrEy|@,454,454,[],[],[],[],[],[],[12:55],[],[],[],[],[],[9:59],[9:59]
Northeast Regional,"Boston - South Station, MA","Lynchburg, VA",}|naGr~tpLl^bfA~j@tqBn}AnuAflGh`CdyGd{Al{F|xBjcEb@bbDpfBr|AxxArhMrmCx`QjtKzoDz{BhiCpcBzj@bsDlq@dqGtx@rZtgDzfCveDr`@l~ApiDlpAua@puAmnA|`GbqAdfHjjB~sEed@drV`kKv|Fx`CtmE~eIxxCxgIg^jwBx`AzlCzq@j~DtwA`z@fxDd|H~SxpHj_@nyAvsBttAjdBdnFj_@huChJtnD{iAp_Dnt@dmBz`BdgALpoB}~AfiD_jCxcHd`@btAdg@iD`dArZth@x~@qMloB`eBpxC}ZrcEbaCzxF`cAzzGq]xoGslA|mDhl@x}DdmAvnFji@dkJ~p@ldD_ZhoF{o@p|CzVboLplBfnPgv@~iJcMjwJkYjbEejB~qAgoCnSxc@fuBlk@biBr_FrvFblFxgJvnAlqGrcFnmOaAtkE|y@~w@xl@t`AvKhoCtlC|uEny@drEv}A~bFjLz}HbmBf~Fn|BzfB`}@zvNbuBvhBfbBpoDzpAbyJtuA|lD|`CdvDptEtvJniJj{JljE`aCj|@|nCztCzjGjjEpqEpjAdg@fqCo~BxdA`cBxg@~rI{iDjuNrfCtlIdtBzxJbfJtkG~zKxsKlqKbjN~mGtgP~wStpOzx`@txj@n{CjpDtkHztDnmGbkHxbAhaJlyJzqTpoCxjIlu@bqLxlC`vG`j@d`@x`@ygArgBlJdlEndJjdCjyHp`Fz{GjcGntPv|JpfKnjB`sJfcA`vBpiBtnHx|CzlOtoBblJncCziDx|F`{JaYnyKdp@|hEddCd}Cdh@~tEd|A~eKpkAbfE`yEjeJh`GfxE`rDfeFp`FxpObsBz_EtsCnxBttBxgEt`BniMbxChqFt_@~lH{z@pcJfm@vjExjA`cA|dBriBfvCjoAb}KlKpyKh[plFpaBp|J`dI~dFzmKxkHppKpuA~mBx@t_Kt|AdcExrB`U`@p~BrkC||Bz`DeGzuDjwAfI~nJfnAn|Hs`@|{BnKxaHgNl}FgCrlIdy@p`Eb~@dkD~AjnFxiCz}Clwv@bphBpx@kCxwCzBf~GhbD`iRzoKb_CnwBnvClk@hpDtyOr|ErnJ~{Al~E|DrmH~`Cb}CviA`mDjjFh|FpmE|`En`DbqBl`EnaOhxE`jEluFpxGlxFhsI|bBflBvsGjiCpcEheBroJ`uJptJrcPhx@|dDfuBziBlyB~cDhzCn|BfmCx~DbUtaBbqEpiEr~CxsCdv@jgCr_CflBvuBxkBdjBrRlyBzsAztEi|@,741,741,[8:15],[8:15],[8:15],[8:15],[8:15],[],[],[7:38],[7:38],[7:38],[7:38],[7:38],[],[]
Northeast Regional,"New York - Penn Station, NY","Richmond, VA",q`vwFj`sbMmiBzoFm^viBdRbp@nz@zcCtiAxiExf@foFni@~uAzlFfqBhdXh}[`QzP|w@z|@hgAhs@tc@vdBll@fsCtt@rvAtqAppCl~@lzAvyChdD~yHnhFtlEdjCn~CldEdrEhkGvdOtgTj_FphHry@lmAdiAnv@|{DnoAztE`dF|fBtwAvq@dsA|aAlkJnsEdlK~dBbxClpAd{CnmAbmCts@fyD|d@xeAiI|~A}JbvCvc@rcBbbAjyCvjAlwBtSbW~WyOxe@_fAn{@oIfh@f~@~KjdAnj@x|@hmC`qE|m@vvBtcBvcF`cBtbDprBhwAnbB||ExjDtnJvcD~dEfeDhyB`b@tl@fV|rB|u@nqB~c@j{AeOlo@|Cvi@z|Ab{Aj{@htCr\duDdaDjeOtoBj_JzgC|zCxoCpjDpdAdxBva@vyBmFlzFug@hbChWjsBbl@rfAlhBfpBlYp_Apa@pzF`~AjuIn^`jBbz@|yApiAlxAjs@dzB`k@j`Bh|@jo@jbC|gBd~Bv~BndB~qBvu@zkBf`DtyJf}@lrCpm@njBliBdaB|}BnlBpx@ntA~u@t}CvlAviGrCvsC|tA`~A`l@tcAb`@pdBzZpdE{QbeAkRz{CiPjgBiTzuAgGjb@zo@neA`Abt@bAfYfOfP`f@bLfb@|~@jqBzjBl{@tn@fpAjO|yDnRr{A~Rru@uMd~AsEltF|TveAoHjzBdWvqBh`@x_BbzAhwAfsAvuBniAneDpwCbfBdlDfvBl`FdkB~mD|iBx`BvqAnrBxnAnlB~HvmBgKlyGho@rwCtq@zW~NPhQhQxNrl@xeAoHrBrZrAreArOnu@pz@|z@bOfRi@bgA|R~k@teAlb@rhBfsBne@h_Cxv@vzAnz@v`CfkBxqCb~A~r@ffDbWh{Apm@pmAjiAlpAbgBvnDls@zz@tdA~^vrCj]jeAb_DhxAzuCddAzcBdwAdpC|uAreB~hAjx@vT`fClzBzg@hr@h_A`a@jbCxdAvvC~wBpwCnYjuFjcClzBf_CvyBheBpiDhjDp_Cfg@dcAcD`}Ap`@jnBfd@dcAaApnBslA|g@iS`tAlI`lAoMb|DhXpfBv`@xfBkGlcBfg@p|Afb@fhDiDhcEqsApoAqVztDoBz~Gks@`}F}_D~jAaf@hoCJ`uEe^x`B}MpiAzEdfBlj@x`E~CpbBzFt}Cuj@h~Csh@nsB`GlxBvD|kBeBbhCvOfjC_s@biBfoBvb@b`@p|@tO`m@y]pBcN~sAvl@~|A_yCzmAqgB,369,369,[15:05],[15:05],[15:05],[15:05],[15:05],[],[15:05],[],[],[],[],[],[],[]
Northeast Regional,"Boston - South Station, MA","Norfolk, VA",}|naGr~tpLl^bfAniCdhElfPn|El{F|xBjcEb@v_Gj`ErhMrmCx`QjtKzoDz{BhiCpcBzj@bsDlq@dqGtx@rZtgDzfCveDr`@l~ApiD~fDcqB|`GbqAdfHjjB~sEed@drV`kKv|Fx`CtmE~eIxxCxgIpa@feGzq@j~DtwA`z@fxDd|H~SxpHbtCdoDjdBdnFj_@huChJtnD{iAp_Dnt@dmBz`BdgALpoB}iF`nMd`@btAdg@iD`dArZbZfoD`eBpxC}ZrcEbaCzxF`cAzzGq]xoGslA|mDhl@x}DdmAvnFji@dkJ~p@ldD_ZhoF{o@p|CzVboLplBfnPgv@~iJcMjwJkYjbEejB~qAgoCnSxc@fuBlk@biBr_FrvFblFxgJvnAlqGrcFnmOaAtkE|y@~w@xl@t`AvKhoCtlC|uEny@drEv}A~bFjLz}HbmBf~Fn|BzfB`}@zvNjxEhyGzpAbyJtuA|lD|`CdvDptEtvJniJj{JljE`aCj|@|nCztCzjGjjEpqEpjAdg@fqCo~BxdA`cBxg@~rI{iDjuNrfCtlIdtBzxJbfJtkG~zKxsK|oKdfNnnGjjPrvSbpO|u`@ntj@z|CftDjmHltDvkG~eHpfAbgJlwJtoTjoC|dIrw@hzLxkC|tGni@fc@r`@}fAvhBfF~lEnfJpcCjwHt~ErzGpbG~oPp_KzlKnkB~sJjlDr_LvzC~hOxqBhsJzcCnlDr|F~wJ_WtyK`k@bhEjeCrzClj@dtEtzAtfKfjAriE|xEnfJ`~F~tEtwDvjFh_FzmOfoBv~DbvChzBnuBrcErbBloM`vCbkF|b@lqHqz@rbJlj@rlEriAx_Aj}Fz~Dn|K|JrbKhU|cG~eBf|J`dIbeFplK~kHtqKnvAtnBpAz|J|qCleGfkAzMb@tgAnhAzsBvXf`Azg@loAjfChqBf~CreJp|DjtEpgI|uBddBz|BffDhw@fjBjyDn`DruDtoQncJliK`kH|aLbjE`hNrdLrrFjiA|gErbA~xBu`@tcG{eAvuSt|Bf{JupBv_Jwj@tqGcoBrkDsbBvpFgXfjHIbmKxb@znNat@rnJ{`@j}Bxw@`jAhkAtaBoYb]qk@b{B_rAeg@uqCroDorGlCkuGzWy{Fju@iqERemJ|`Cog_@ltB{pUtnJu~RhnBuxEniFafFtqKklKxhFiaE||C}vBfjCezF`qEq|E`vIe`FnoBuoGlaMczO|BmzF|HchClk@uRl_A~Z`hHiqDxa@{eD~{@sl@j`Fjm@lnDvl@xlF`f@,754,754,[],[],[],[],[],[],[],[],[],[],[],[],[6:15],[6:15]
